id,dataset_id,title,title_eng,location,latitude,longitude,culture,collection_date,collector,performer,source,source_key,source_author,source_title,source_publisher,source_address,source_page_num,source_song_num,source_date,catalogue_number,source_url,encoder,encoding_date,copyright,license_abbr,version,meter,metric_classification,modality,key,ambitus,has_lyrics,has_music,genre,language,language_iso,url,preview_url,path,format,checksum
ojibwa01,densmore-ojibway,My pipe,,"White Earth reservation, northern Minnesota, U.S.A.",,,Native American -- Ojibway,1907-1909///,Frances Densmore,"Main'ans (""Little wolf"")","Chippewa [i.e., Ojibway] Music, Bulletin 45 of the Bureau of American Ethnology, Smitsonian Institution",densmore1910chippewa,,,,,35,6,,,https://books.google.com/books?id=_ARNAQAAMAAJ&pg=PA35,Paul von Hippel,1998,Copyright 1998 Paul von Hippel,,,,,,,,False,True,Mide' (Grand Medicine) initiation song of the first or second degree,Ojibway,,https://kern.humdrum.org/cgi-bin/ksdata?file=data/ojibwa01.krn&l=osu/densmore/pawnee&format=kern,https://verovio.humdrum.org/?file=osu/densmore/ojibway/data/ojibwa01.krn,data/ojibwa01.krn,kern,9981076b3f8ab5403e40c6a6e0d7540f
ojibwa02,densmore-ojibway,First song of the feast,,"White Earth reservation, northern Minnesota, U.S.A.",,,Native American -- Ojibway,1907-1909///,Frances Densmore,"Ki'tcimak'wa (""Big Bear"")","Chippewa [i.e., Ojibway] Music, Bulletin 45 of the Bureau of American Ethnology, Smitsonian Institution",densmore1910chippewa,,,,,49,14,,,https://books.google.com/books?id=_ARNAQAAMAAJ&pg=PA49,Paul von Hippel,1998,Copyright 1998 Paul von Hippel,,,,,,,,False,True,Mide' (Grand Medicine) initiation song of the first or second degree,Ojibway,,https://kern.humdrum.org/cgi-bin/ksdata?file=data/ojibwa02.krn&l=osu/densmore/pawnee&format=kern,https://verovio.humdrum.org/?file=osu/densmore/ojibway/data/ojibwa02.krn,data/ojibwa02.krn,kern,e6b61bf2543fd1decdc0ced52cb43441
ojibwa03,densmore-ojibway,First song,,"recorded in Washington, D.C., but the singer lived on the Bois Fort reservation, northern Minnesota, U.S.A.",,,Native American -- Ojibway,1907-1909///,Frances Densmore,"De'bwawen'dunk (""Eating noisily"")","Chippewa [i.e., Ojibway] Music, Bulletin 45 of the Bureau of American Ethnology, Smitsonian Institution",densmore1910chippewa,,,,,56,16,,,https://books.google.com/books?id=_ARNAQAAMAAJ&pg=PA56,Paul von Hippel,1998,Copyright 1998 Paul von Hippel,,,,,,,,False,True,Mide' (Grand Medicine) initiation song of the sixth degree,Ojibway,,https://kern.humdrum.org/cgi-bin/ksdata?file=data/ojibwa03.krn&l=osu/densmore/pawnee&format=kern,https://verovio.humdrum.org/?file=osu/densmore/ojibway/data/ojibwa03.krn,data/ojibwa03.krn,kern,522e9adc862170a6d948856e25d2f808
ojibwa04,densmore-ojibway,Third song,,"recorded in Washington, D.C., but the singer lived on the Bois Fort reservation, northern Minnesota, U.S.A.",,,Native American -- Ojibway,1907-1909///,Frances Densmore,"De'bwawen'dunk (""Eating noisily"")","Chippewa [i.e., Ojibway] Music, Bulletin 45 of the Bureau of American Ethnology, Smitsonian Institution",densmore1910chippewa,,,,,58,18,,,https://books.google.com/books?id=_ARNAQAAMAAJ&pg=PA58,Paul von Hippel,1998,Copyright 1998 Paul von Hippel,,,,,,,,False,True,Mide' (Grand Medicine) initiation song of the sixth degree,Ojibway,,https://kern.humdrum.org/cgi-bin/ksdata?file=data/ojibwa04.krn&l=osu/densmore/pawnee&format=kern,https://verovio.humdrum.org/?file=osu/densmore/ojibway/data/ojibwa04.krn,data/ojibwa04.krn,kern,476aae6dc0490c98e9950440ec3de22c
ojibwa05,densmore-ojibway,Initiation song,,"White Earth reservation, northern Minnesota, U.S.A.",,,Native American -- Ojibway,1907-1909///,Frances Densmore,"Main'ans (""Little wolf"")","Chippewa [i.e., Ojibway] Music, Bulletin 45 of the Bureau of American Ethnology, Smitsonian Institution",densmore1910chippewa,,,,,81,63,,,https://books.google.com/books?id=_ARNAQAAMAAJ&pg=PA81,Paul von Hippel,1998,Copyright 1998 Paul von Hippel,,,,,,,,False,True,Mide' (Grand Medicine) ceremonial song,Ojibway,,https://kern.humdrum.org/cgi-bin/ksdata?file=data/ojibwa05.krn&l=osu/densmore/pawnee&format=kern,https://verovio.humdrum.org/?file=osu/densmore/ojibway/data/ojibwa05.krn,data/ojibwa05.krn,kern,c57b49ad398ed3ba6baaabaf15da9b57
ojibwa06,densmore-ojibway,Initiation song,,"White Earth reservation, northern Minnesota, U.S.A.",,,Native American -- Ojibway,1907-1909///,Frances Densmore,"Ki'tcimak'wa (""Big Bear"")","Chippewa [i.e., Ojibway] Music, Bulletin 45 of the Bureau of American Ethnology, Smitsonian Institution",densmore1910chippewa,,,,,81-82,64,,,https://books.google.com/books?id=_ARNAQAAMAAJ&pg=PA81-82,Paul von Hippel,1998,Copyright 1998 Paul von Hippel,,,,,,,,False,True,Mide' (Grand Medicine) ceremonial song,Ojibway,,https://kern.humdrum.org/cgi-bin/ksdata?file=data/ojibwa06.krn&l=osu/densmore/pawnee&format=kern,https://verovio.humdrum.org/?file=osu/densmore/ojibway/data/ojibwa06.krn,data/ojibwa06.krn,kern,d89b02205b43d15aa10fbd8eb4352251
ojibwa07,densmore-ojibway,Hunting song (c),,"an Ojibway reservation, northern Minnesota, U.S.A.",,,Native American -- Ojibway,1907-1909///,Frances Densmore,"Be'cigwi'wizans (""Striped boy"")","Chippewa [i.e., Ojibway] Music, Bulletin 45 of the Bureau of American Ethnology, Smitsonian Institution",densmore1910chippewa,,,,,84,67,,,https://books.google.com/books?id=_ARNAQAAMAAJ&pg=PA84,Paul von Hippel,1998,Copyright 1998 Paul von Hippel,,,,,,,,False,True,Mide' (Grand Medicine) song to insure success,Ojibway,,https://kern.humdrum.org/cgi-bin/ksdata?file=data/ojibwa07.krn&l=osu/densmore/pawnee&format=kern,https://verovio.humdrum.org/?file=osu/densmore/ojibway/data/ojibwa07.krn,data/ojibwa07.krn,kern,5882070d479d6582f164992d8a6e93d2
ojibwa08,densmore-ojibway,Healing song,,"Leech Lake reservation, northern Minnesota, U.S.A.",,,Native American -- Ojibway,1907-1909///,Frances Densmore,"Ge'miwunac' (""Bird that flies through the rain"")","Chippewa [i.e., Ojibway] Music, Bulletin 45 of the Bureau of American Ethnology, Smitsonian Institution",densmore1910chippewa,,,,,95-96,80,,,https://books.google.com/books?id=_ARNAQAAMAAJ&pg=PA95-96,Paul von Hippel,1998,Copyright 1998 Paul von Hippel,,,,,,,,False,True,Mide' (Grand Medicine) song connected with the cure of the sick,Ojibway,,https://kern.humdrum.org/cgi-bin/ksdata?file=data/ojibwa08.krn&l=osu/densmore/pawnee&format=kern,https://verovio.humdrum.org/?file=osu/densmore/ojibway/data/ojibwa08.krn,data/ojibwa08.krn,kern,53735873d79e6683b33e2fa81f8d7f91
ojibwa09,densmore-ojibway,Song of the thunders,,"White Earth reservation, northern Minnesota, U.S.A.",,,Native American -- Ojibway,1907-1909///,Frances Densmore,"Ga'gandac' (""One whose sails are driven by the wind"")","Chippewa [i.e., Ojibway] Music, Bulletin 45 of the Bureau of American Ethnology, Smitsonian Institution",densmore1910chippewa,,,,,127,113,,,https://books.google.com/books?id=_ARNAQAAMAAJ&pg=PA127,Paul von Hippel,1998,Copyright 1998 Paul von Hippel,,,,,,,,False,True,Dream song,Ojibway,,https://kern.humdrum.org/cgi-bin/ksdata?file=data/ojibwa09.krn&l=osu/densmore/pawnee&format=kern,https://verovio.humdrum.org/?file=osu/densmore/ojibway/data/ojibwa09.krn,data/ojibwa09.krn,kern,411b11e96eb9027ac4ad0ad11b94f20e
ojibwa10,densmore-ojibway,As the hawk soars,,"White Earth reservation, northern Minnesota, U.S.A.",,,Native American -- Ojibway,1907-1909///,Frances Densmore,"Ga'gandac' (""One whose sails are driven by the wind"")","Chippewa [i.e., Ojibway] Music, Bulletin 45 of the Bureau of American Ethnology, Smitsonian Institution",densmore1910chippewa,,,,,131,116,,,https://books.google.com/books?id=_ARNAQAAMAAJ&pg=PA131,Paul von Hippel,1998,Copyright 1998 Paul von Hippel,,,,,,,,False,True,Dream song,Ojibway,,https://kern.humdrum.org/cgi-bin/ksdata?file=data/ojibwa10.krn&l=osu/densmore/pawnee&format=kern,https://verovio.humdrum.org/?file=osu/densmore/ojibway/data/ojibwa10.krn,data/ojibwa10.krn,kern,6b9b7fe933b20682c4b2b96684c57ec5
ojibwa11,densmore-ojibway,(no words),,"White Earth reservation, northern Minnesota, U.S.A.",,,Native American -- Ojibway,1907-1909///,Frances Densmore,"Aki'waizi' (""Old man"")","Chippewa [i.e., Ojibway] Music, Bulletin 45 of the Bureau of American Ethnology, Smitsonian Institution",densmore1910chippewa,,,,,138,122,,,https://books.google.com/books?id=_ARNAQAAMAAJ&pg=PA138,Paul von Hippel,1998,Copyright 1998 Paul von Hippel,,,,,,,,False,True,War song,Ojibway,,https://kern.humdrum.org/cgi-bin/ksdata?file=data/ojibwa11.krn&l=osu/densmore/pawnee&format=kern,https://verovio.humdrum.org/?file=osu/densmore/ojibway/data/ojibwa11.krn,data/ojibwa11.krn,kern,2210af21b565d89bf7c09a250c656e12
ojibwa12,densmore-ojibway,(no words),,"White Earth reservation, northern Minnesota, U.S.A.",,,Native American -- Ojibway,1907-1909///,Frances Densmore,"Ga'gandac' (""One whose sails are driven by the wind"")","Chippewa [i.e., Ojibway] Music, Bulletin 45 of the Bureau of American Ethnology, Smitsonian Institution",densmore1910chippewa,,,,,139-140,125,,,https://books.google.com/books?id=_ARNAQAAMAAJ&pg=PA139-140,Paul von Hippel,1998,Copyright 1998 Paul von Hippel,,,,,,,,False,True,War song,Ojibway,,https://kern.humdrum.org/cgi-bin/ksdata?file=data/ojibwa12.krn&l=osu/densmore/pawnee&format=kern,https://verovio.humdrum.org/?file=osu/densmore/ojibway/data/ojibwa12.krn,data/ojibwa12.krn,kern,127bba6c9a32bbbf7fff5c72c46a936f
ojibwa13,densmore-ojibway,My love has departed,,"White Earth reservation, northern Minnesota, U.S.A.",,,Native American -- Ojibway,1907-1909///,Frances Densmore,Mrs. Mary English,"Chippewa [i.e., Ojibway] Music, Bulletin 45 of the Bureau of American Ethnology, Smitsonian Institution",densmore1910chippewa,,,,,150,135,,,https://books.google.com/books?id=_ARNAQAAMAAJ&pg=PA150,Paul von Hippel,1998,Copyright 1998 Paul von Hippel,,,,,,,,False,True,Love song,Ojibway,,https://kern.humdrum.org/cgi-bin/ksdata?file=data/ojibwa13.krn&l=osu/densmore/pawnee&format=kern,https://verovio.humdrum.org/?file=osu/densmore/ojibway/data/ojibwa13.krn,data/ojibwa13.krn,kern,707969dd2e59661b0b0c9ac96416e24e
ojibwa14,densmore-ojibway,I have come after your stake,,"White Earth reservation, northern Minnesota, U.S.A.",,,Native American -- Ojibway,1907-1909///,Frances Densmore,"Ga'gandac' (""One whose sails are driven by the wind"")","Chippewa [i.e., Ojibway] Music, Bulletin 45 of the Bureau of American Ethnology, Smitsonian Institution",densmore1910chippewa,,,,,159,145,,,https://books.google.com/books?id=_ARNAQAAMAAJ&pg=PA159,Paul von Hippel,1998,Copyright 1998 Paul von Hippel,,,,,,,,False,True,Moccasin game [gambling] song,Ojibway,,https://kern.humdrum.org/cgi-bin/ksdata?file=data/ojibwa14.krn&l=osu/densmore/pawnee&format=kern,https://verovio.humdrum.org/?file=osu/densmore/ojibway/data/ojibwa14.krn,data/ojibwa14.krn,kern,c6b3232c943722abb784c74fa20dfff1
ojibwa15,densmore-ojibway,Lullaby,,"White Earth reservation, northern Minnesota, U.S.A.",,,Native American -- Ojibway,1907-1909///,Frances Densmore,Mrs. Mee,"Chippewa [i.e., Ojibway] Music, Bulletin 45 of the Bureau of American Ethnology, Smitsonian Institution",densmore1910chippewa,,,,,163,149,,,https://books.google.com/books?id=_ARNAQAAMAAJ&pg=PA163,Paul von Hippel,1998,Copyright 1998 Paul von Hippel,,,,,,,,False,True,Unclassified social song,Ojibway,,https://kern.humdrum.org/cgi-bin/ksdata?file=data/ojibwa15.krn&l=osu/densmore/pawnee&format=kern,https://verovio.humdrum.org/?file=osu/densmore/ojibway/data/ojibwa15.krn,data/ojibwa15.krn,kern,08f6789fc33e67bc4cb254c2d9f1182a
ojibwa16,densmore-ojibway,Farewell to the warriors,,"White Earth reservation, northern Minnesota, U.S.A.",,,Native American -- Ojibway,1907-1909///,Frances Densmore,Mrs. Mee,"Chippewa [i.e., Ojibway] Music, Bulletin 45 of the Bureau of American Ethnology, Smitsonian Institution",densmore1910chippewa,,,,,163,150,,,https://books.google.com/books?id=_ARNAQAAMAAJ&pg=PA163,Paul von Hippel,1998,Copyright 1998 Paul von Hippel,,,,,,,,False,True,Unclassified social song,Ojibway,,https://kern.humdrum.org/cgi-bin/ksdata?file=data/ojibwa16.krn&l=osu/densmore/pawnee&format=kern,https://verovio.humdrum.org/?file=osu/densmore/ojibway/data/ojibwa16.krn,data/ojibwa16.krn,kern,ba99592faa2893036a1d78f429f1d7d3
ojibwa17,densmore-ojibway,"Come, let us drink",,"Red Lake reservation, northern Minnesota, U.S.A.",,,Native American -- Ojibway,1907-1909///,Frances Densmore,"Gage'bines' (""The everlasting bird"")","Chippewa [i.e., Ojibway] Music, Bulletin 45 of the Bureau of American Ethnology, Smitsonian Institution",densmore1910chippewa,,,,,184,167,,,https://books.google.com/books?id=_ARNAQAAMAAJ&pg=PA184,Paul von Hippel,1998,Copyright 1998 Paul von Hippel,,,,,,,,False,True,Love song,Ojibway,,https://kern.humdrum.org/cgi-bin/ksdata?file=data/ojibwa17.krn&l=osu/densmore/pawnee&format=kern,https://verovio.humdrum.org/?file=osu/densmore/ojibway/data/ojibwa17.krn,data/ojibwa17.krn,kern,478676686b9088321bc62430ef92955b
ojibwa18,densmore-ojibway,(no words),,"Red Lake reservation, northern Minnesota, U.S.A.",,,Native American -- Ojibway,1907-1909///,Frances Densmore,"Gi'wita'bines (""Spotted bird"")","Chippewa [i.e., Ojibway] Music, Bulletin 45 of the Bureau of American Ethnology, Smitsonian Institution",densmore1910chippewa,,,,,187,170,,,https://books.google.com/books?id=_ARNAQAAMAAJ&pg=PA187,Paul von Hippel,1998,Copyright 1998 Paul von Hippel,,,,,,,,False,True,Moccasin game [gambling] song,Ojibway,,https://kern.humdrum.org/cgi-bin/ksdata?file=data/ojibwa18.krn&l=osu/densmore/pawnee&format=kern,https://verovio.humdrum.org/?file=osu/densmore/ojibway/data/ojibwa18.krn,data/ojibwa18.krn,kern,550df647d7b40f1cedd987084b0046e9
ojibwa19,densmore-ojibway,I am standing till daylight,,"Red Lake reservation, northern Minnesota, U.S.A.",,,Native American -- Ojibway,1907-1909///,Frances Densmore,"Gi'wita'bines (""Spotted bird"")","Chippewa [i.e., Ojibway] Music, Bulletin 45 of the Bureau of American Ethnology, Smitsonian Institution",densmore1910chippewa,,,,,190,176,,,https://books.google.com/books?id=_ARNAQAAMAAJ&pg=PA190,Paul von Hippel,1998,Copyright 1998 Paul von Hippel,,,,,,,,False,True,Moccasin game [gambling] song,Ojibway,,https://kern.humdrum.org/cgi-bin/ksdata?file=data/ojibwa19.krn&l=osu/densmore/pawnee&format=kern,https://verovio.humdrum.org/?file=osu/densmore/ojibway/data/ojibwa19.krn,data/ojibwa19.krn,kern,5e555d4d21d23e00bcddf51c2b0d18d6
ojibwa20,densmore-ojibway,(no words),,"Red Lake reservation, northern Minnesota, U.S.A.",,,Native American -- Ojibway,1907-1909///,Frances Densmore,"Gi'wita'bines (""Spotted bird"")","Chippewa [i.e., Ojibway] Music, Bulletin 45 of the Bureau of American Ethnology, Smitsonian Institution",densmore1910chippewa,,,,,193,179,,,https://books.google.com/books?id=_ARNAQAAMAAJ&pg=PA193,Paul von Hippel,1998,Copyright 1998 Paul von Hippel,,,,,,,,False,True,Woman's dance song,Ojibway,,https://kern.humdrum.org/cgi-bin/ksdata?file=data/ojibwa20.krn&l=osu/densmore/pawnee&format=kern,https://verovio.humdrum.org/?file=osu/densmore/ojibway/data/ojibwa20.krn,data/ojibwa20.krn,kern,a67f25cc43f417c818b062987e285ebf
ojibwa21,densmore-ojibway,Song referring to an historical incident,,"Red Lake reservation, northern Minnesota, U.S.A.",,,Native American -- Ojibway,1907-1909///,Frances Densmore,"Gi'wita'bines (""Spotted bird"")","Chippewa [i.e., Ojibway] Music, Bulletin 45 of the Bureau of American Ethnology, Smitsonian Institution",densmore1910chippewa,,,,,198,186,,,https://books.google.com/books?id=_ARNAQAAMAAJ&pg=PA198,Paul von Hippel,1998,Copyright 1998 Paul von Hippel,,,,,,,,False,True,Unclassified social song,Ojibway,,https://kern.humdrum.org/cgi-bin/ksdata?file=data/ojibwa21.krn&l=osu/densmore/pawnee&format=kern,https://verovio.humdrum.org/?file=osu/densmore/ojibway/data/ojibwa21.krn,data/ojibwa21.krn,kern,8401648a2e03d16a58c188b31eb616fd
ojibwa22,densmore-ojibway,Friendly song (a),,"Red Lake reservation, northern Minnesota, U.S.A.",,,Native American -- Ojibway,1907-1909///,Frances Densmore,"Gi'wita'bines (""Spotted bird"")","Chippewa [i.e., Ojibway] Music, Bulletin 45 of the Bureau of American Ethnology, Smitsonian Institution",densmore1910chippewa,,,,,202,192,,,https://books.google.com/books?id=_ARNAQAAMAAJ&pg=PA202,Paul von Hippel,1998,Copyright 1998 Paul von Hippel,,,,,,,,False,True,Unclassified social song,Ojibway,,https://kern.humdrum.org/cgi-bin/ksdata?file=data/ojibwa22.krn&l=osu/densmore/pawnee&format=kern,https://verovio.humdrum.org/?file=osu/densmore/ojibway/data/ojibwa22.krn,data/ojibwa22.krn,kern,bf334599b8f08b5c1cb84d44d48e06b9
ojibwa23,densmore-ojibway,Niski'gwun's dream song,,"White Earth reservation, northern Minnesota, U.S.A.",,,Native American -- Ojibway,1909-1912///,Frances Densmore,"Niski'gwun (""Ruffled feathers"")","Chippewa [i.e., Ojibway] Music--II, Bulletin 53 of the Bureau of American Ethnology, Smitsonian Institution",densmore1913ojibway,,,,,79,7,,,https://books.google.com/books?id=BOc_AAAAYAAJ&pg=PA79,Paul von Hippel,1998,Copyright 1998 Paul von Hippel,,,,,,,,False,True,Song connected with Odjib'we's personal experience in war,Ojibway,,https://kern.humdrum.org/cgi-bin/ksdata?file=data/ojibwa23.krn&l=osu/densmore/pawnee&format=kern,https://verovio.humdrum.org/?file=osu/densmore/ojibway/data/ojibwa23.krn,data/ojibwa23.krn,kern,76258dafcb1ab500a4e4cc6b8a4ed323
ojibwa24,densmore-ojibway,Origin of the Bi'jikiwuck' [cattle herb medicine],,"White Earth reservation, northern Minnesota, U.S.A.",,,Native American -- Ojibway,1909-1912///,Frances Densmore,Odjib'we (Ojibway),"Chippewa [i.e., Ojibway] Music--II, Bulletin 53 of the Bureau of American Ethnology, Smitsonian Institution",densmore1913ojibway,,,,,99,22,,,https://books.google.com/books?id=BOc_AAAAYAAJ&pg=PA99,Paul von Hippel,1998,Copyright 1998 Paul von Hippel,,,,,,,,False,True,Song connected with Odjib'we's personal experience in war,Ojibway,,https://kern.humdrum.org/cgi-bin/ksdata?file=data/ojibwa24.krn&l=osu/densmore/pawnee&format=kern,https://verovio.humdrum.org/?file=osu/densmore/ojibway/data/ojibwa24.krn,data/ojibwa24.krn,kern,dd5d58b3d981a291dfa4e3263f4c7cc1
ojibwa25,densmore-ojibway,First song of the Minisino'wuck [island herb medicine],,"White Earth reservation, northern Minnesota, U.S.A.",,,Native American -- Ojibway,1909-1912///,Frances Densmore,"Na'waji'bigo'kwe (""Woman dwelling in the midst of the rocks"")","Chippewa [i.e., Ojibway] Music--II, Bulletin 53 of the Bureau of American Ethnology, Smitsonian Institution",densmore1913ojibway,,,,,103,24,,,https://books.google.com/books?id=BOc_AAAAYAAJ&pg=PA103,Paul von Hippel,1998,Copyright 1998 Paul von Hippel,,,,,,,,False,True,Song connected with Odjib'we's personal experience in war,Ojibway,,https://kern.humdrum.org/cgi-bin/ksdata?file=data/ojibwa25.krn&l=osu/densmore/pawnee&format=kern,https://verovio.humdrum.org/?file=osu/densmore/ojibway/data/ojibwa25.krn,data/ojibwa25.krn,kern,0e62c00bbf38ffc02aab885ef9b25398
ojibwa26,densmore-ojibway,I am called,,"White Earth reservation, northern Minnesota, U.S.A.",,,Native American -- Ojibway,1909-1912///,Frances Densmore,Odjib'we (Ojibway),"Chippewa [i.e., Ojibway] Music--II, Bulletin 53 of the Bureau of American Ethnology, Smitsonian Institution",densmore1913ojibway,,,,,125,43,,,https://books.google.com/books?id=BOc_AAAAYAAJ&pg=PA125,Paul von Hippel,1998,Copyright 1998 Paul von Hippel,,,,,,,,False,True,Song connected with Odjib'we's personal experience in war,Ojibway,,https://kern.humdrum.org/cgi-bin/ksdata?file=data/ojibwa26.krn&l=osu/densmore/pawnee&format=kern,https://verovio.humdrum.org/?file=osu/densmore/ojibway/data/ojibwa26.krn,data/ojibwa26.krn,kern,61072ba8f323da4b66b44c99d2a391f3
ojibwa27,densmore-ojibway,Song of the chief,,"Lac du Flambeau reservation, northern Wisconsin, U.S.A.",,,Native American -- Ojibway,1909-1912///,Frances Densmore,"Mec'kawiga'bau (""Stands firmly"")","Chippewa [i.e., Ojibway] Music--II, Bulletin 53 of the Bureau of American Ethnology, Smitsonian Institution",densmore1913ojibway,,,,,150,55,,,https://books.google.com/books?id=BOc_AAAAYAAJ&pg=PA150,Paul von Hippel,1998,Copyright 1998 Paul von Hippel,,,,,,,,False,True,Song of the drum-presentation ceremony,Ojibway,,https://kern.humdrum.org/cgi-bin/ksdata?file=data/ojibwa27.krn&l=osu/densmore/pawnee&format=kern,https://verovio.humdrum.org/?file=osu/densmore/ojibway/data/ojibwa27.krn,data/ojibwa27.krn,kern,69ecbbda8d3c63a577e4d4219227096c
ojibwa28,densmore-ojibway,War song,,"Lac du Flambeau reservation, northern Wisconsin, U.S.A.",,,Native American -- Ojibway,1909-1912///,Frances Densmore,"E'niwub'e (""Sits farther along"")","Chippewa [i.e., Ojibway] Music--II, Bulletin 53 of the Bureau of American Ethnology, Smitsonian Institution",densmore1913ojibway,,,,,160,65,,,https://books.google.com/books?id=BOc_AAAAYAAJ&pg=PA160,Paul von Hippel,1998,Copyright 1998 Paul von Hippel,,,,,,,,False,True,Song of the drum-presentation ceremony,Ojibway,,https://kern.humdrum.org/cgi-bin/ksdata?file=data/ojibwa28.krn&l=osu/densmore/pawnee&format=kern,https://verovio.humdrum.org/?file=osu/densmore/ojibway/data/ojibwa28.krn,data/ojibwa28.krn,kern,ed6e99ea4c0d3a96b97547009c7a95ee
ojibwa29,densmore-ojibway,War song,,"Lac du Flambeau reservation, northern Wisconsin, U.S.A.",,,Native American -- Ojibway,1909-1912///,Frances Densmore,"E'niwub'e (""Sits farther along"")","Chippewa [i.e., Ojibway] Music--II, Bulletin 53 of the Bureau of American Ethnology, Smitsonian Institution",densmore1913ojibway,,,,,192,89,,,https://books.google.com/books?id=BOc_AAAAYAAJ&pg=PA192,Paul von Hippel,1998,Copyright 1998 Paul von Hippel,,,,,,,,False,True,War song,Ojibway,,https://kern.humdrum.org/cgi-bin/ksdata?file=data/ojibwa29.krn&l=osu/densmore/pawnee&format=kern,https://verovio.humdrum.org/?file=osu/densmore/ojibway/data/ojibwa29.krn,data/ojibwa29.krn,kern,6c173d79c9e53b712c4fd708ee0cc9d2
ojibwa30,densmore-ojibway,War song,,"Lac du Flambeau reservation, northern Wisconsin, U.S.A.",,,Native American -- Ojibway,1909-1912///,Frances Densmore,"E'niwub'e (""Sits farther along"")","Chippewa [i.e., Ojibway] Music--II, Bulletin 53 of the Bureau of American Ethnology, Smitsonian Institution",densmore1913ojibway,,,,,195,93,,,https://books.google.com/books?id=BOc_AAAAYAAJ&pg=PA195,Paul von Hippel,1998,Copyright 1998 Paul von Hippel,,,,,,,,False,True,War song,Ojibway,,https://kern.humdrum.org/cgi-bin/ksdata?file=data/ojibwa30.krn&l=osu/densmore/pawnee&format=kern,https://verovio.humdrum.org/?file=osu/densmore/ojibway/data/ojibwa30.krn,data/ojibwa30.krn,kern,e20848b8d20239a384e3c97eed882d03
ojibwa31,densmore-ojibway,Song of the deer (a),,"Lac du Flambeau reservation, northern Wisconsin, U.S.A.",,,Native American -- Ojibway,1909-1912///,Frances Densmore,"E'niwub'e (""Sits farther along"")","Chippewa [i.e., Ojibway] Music--II, Bulletin 53 of the Bureau of American Ethnology, Smitsonian Institution",densmore1913ojibway,,,,,200,95,,,https://books.google.com/books?id=BOc_AAAAYAAJ&pg=PA200,Paul von Hippel,1998,Copyright 1998 Paul von Hippel,,,,,,,,False,True,Dream song,Ojibway,,https://kern.humdrum.org/cgi-bin/ksdata?file=data/ojibwa31.krn&l=osu/densmore/pawnee&format=kern,https://verovio.humdrum.org/?file=osu/densmore/ojibway/data/ojibwa31.krn,data/ojibwa31.krn,kern,66dd355fed9fe97d0ffd219f03cfd86c
ojibwa32,densmore-ojibway,Song of the deer (b),,"Lac du Flambeau reservation, northern Wisconsin, U.S.A.",,,Native American -- Ojibway,1909-1912///,Frances Densmore,"E'niwub'e (""Sits farther along"")","Chippewa [i.e., Ojibway] Music--II, Bulletin 53 of the Bureau of American Ethnology, Smitsonian Institution",densmore1913ojibway,,,,,200,96,,,https://books.google.com/books?id=BOc_AAAAYAAJ&pg=PA200,Paul von Hippel,1998,Copyright 1998 Paul von Hippel,,,,,,,,False,True,Dream song,Ojibway,,https://kern.humdrum.org/cgi-bin/ksdata?file=data/ojibwa32.krn&l=osu/densmore/pawnee&format=kern,https://verovio.humdrum.org/?file=osu/densmore/ojibway/data/ojibwa32.krn,data/ojibwa32.krn,kern,031a4dd3d1c29480492b4fe9d30c2364
ojibwa33,densmore-ojibway,Moccasin game song (b),,"Lac du Flambeau reservation, northern Wisconsin, U.S.A.",,,Native American -- Ojibway,1909-1912///,Frances Densmore,"E'niwub'e (""Sits farther along"")","Chippewa [i.e., Ojibway] Music--II, Bulletin 53 of the Bureau of American Ethnology, Smitsonian Institution",densmore1913ojibway,,,,,210,104,,,https://books.google.com/books?id=BOc_AAAAYAAJ&pg=PA210,Paul von Hippel,1998,Copyright 1998 Paul von Hippel,,,,,,,,False,True,Moccasin game [gambling] song,Ojibway,,https://kern.humdrum.org/cgi-bin/ksdata?file=data/ojibwa33.krn&l=osu/densmore/pawnee&format=kern,https://verovio.humdrum.org/?file=osu/densmore/ojibway/data/ojibwa33.krn,data/ojibwa33.krn,kern,5cd29482d7d39ddd6e6d743103773779
ojibwa34,densmore-ojibway,Weeping for my love,,"Lac du Flambeau reservation, northern Wisconsin, U.S.A.",,,Native American -- Ojibway,1909-1912///,Frances Densmore,"Mec'kawiga'bau (""Stands firmly"")","Chippewa [i.e., Ojibway] Music--II, Bulletin 53 of the Bureau of American Ethnology, Smitsonian Institution",densmore1913ojibway,,,,,220,110,,,https://books.google.com/books?id=BOc_AAAAYAAJ&pg=PA220,Paul von Hippel,1998,Copyright 1998 Paul von Hippel,,,,,,,,False,True,Love song,Ojibway,,https://kern.humdrum.org/cgi-bin/ksdata?file=data/ojibwa34.krn&l=osu/densmore/pawnee&format=kern,https://verovio.humdrum.org/?file=osu/densmore/ojibway/data/ojibwa34.krn,data/ojibwa34.krn,kern,a85fc82e2dd21424ed3733fef59f9493
ojibwa35,densmore-ojibway,Song of an ambitious mother,,"Lac du Flambeau reservation, northern Wisconsin, U.S.A.",,,Native American -- Ojibway,1909-1912///,Frances Densmore,Mrs. Gauthier,"Chippewa [i.e., Ojibway] Music--II, Bulletin 53 of the Bureau of American Ethnology, Smitsonian Institution",densmore1913ojibway,,,,,222,112,,,https://books.google.com/books?id=BOc_AAAAYAAJ&pg=PA222,Paul von Hippel,1998,Copyright 1998 Paul von Hippel,,,,,,,,False,True,Love song,Ojibway,,https://kern.humdrum.org/cgi-bin/ksdata?file=data/ojibwa35.krn&l=osu/densmore/pawnee&format=kern,https://verovio.humdrum.org/?file=osu/densmore/ojibway/data/ojibwa35.krn,data/ojibwa35.krn,kern,26500911602b8383f85e447960d2adcb
ojibwa36,densmore-ojibway,Maple sugar,,"Lac du Flambeau reservation, northern Wisconsin, U.S.A.",,,Native American -- Ojibway,1909-1912///,Frances Densmore,"Mec'kawiga'bau (""Stands firmly"")","Chippewa [i.e., Ojibway] Music--II, Bulletin 53 of the Bureau of American Ethnology, Smitsonian Institution",densmore1913ojibway,,,,,231,116,,,https://books.google.com/books?id=BOc_AAAAYAAJ&pg=PA231,Paul von Hippel,1998,Copyright 1998 Paul von Hippel,,,,,,,,False,True,Begging dance song,Ojibway,,https://kern.humdrum.org/cgi-bin/ksdata?file=data/ojibwa36.krn&l=osu/densmore/pawnee&format=kern,https://verovio.humdrum.org/?file=osu/densmore/ojibway/data/ojibwa36.krn,data/ojibwa36.krn,kern,bbbf627ccaba5d6421aee989c8b37098
ojibwa37,densmore-ojibway,Invite our sweetheart,,"Lac du Flambeau reservation, northern Wisconsin, U.S.A.",,,Native American -- Ojibway,1909-1912///,Frances Densmore,"E'niwub'e (""Sits farther along"")","Chippewa [i.e., Ojibway] Music--II, Bulletin 53 of the Bureau of American Ethnology, Smitsonian Institution",densmore1913ojibway,,,,,235,120,,,https://books.google.com/books?id=BOc_AAAAYAAJ&pg=PA235,Paul von Hippel,1998,Copyright 1998 Paul von Hippel,,,,,,,,False,True,Southern dance song,Ojibway,,https://kern.humdrum.org/cgi-bin/ksdata?file=data/ojibwa37.krn&l=osu/densmore/pawnee&format=kern,https://verovio.humdrum.org/?file=osu/densmore/ojibway/data/ojibwa37.krn,data/ojibwa37.krn,kern,5288d65d5e58c0ef5606433347965d75
ojibwa38,densmore-ojibway,Moccasin game song,,"Lac du Flambeau reservation, northern Wisconsin, U.S.A.",,,Native American -- Ojibway,1909-1912///,Frances Densmore,"E'niwub'e (""Sits farther along"")","Chippewa [i.e., Ojibway] Music--II, Bulletin 53 of the Bureau of American Ethnology, Smitsonian Institution",densmore1913ojibway,,,,,240,125,,,https://books.google.com/books?id=BOc_AAAAYAAJ&pg=PA240,Paul von Hippel,1998,Copyright 1998 Paul von Hippel,,,,,,,,False,True,Moccasin game [gambling] song,Ojibway,,https://kern.humdrum.org/cgi-bin/ksdata?file=data/ojibwa38.krn&l=osu/densmore/pawnee&format=kern,https://verovio.humdrum.org/?file=osu/densmore/ojibway/data/ojibwa38.krn,data/ojibwa38.krn,kern,da80d16218a187d30022ff745540fd31
ojibwa39,densmore-ojibway,Sitting with the turtle,,"Waba'cing village, Red Lake reservation, northern Minnesota, U.S.A.",,,Native American -- Ojibway,1909-1912///,Frances Densmore,"Ki'miwun (""Rainy"")","Chippewa [i.e., Ojibway] Music--II, Bulletin 53 of the Bureau of American Ethnology, Smitsonian Institution",densmore1913ojibway,,,,,262,139,,,https://books.google.com/books?id=BOc_AAAAYAAJ&pg=PA262,Paul von Hippel,1998,Copyright 1998 Paul von Hippel,,,,,,,,False,True,Dream song,Ojibway,,https://kern.humdrum.org/cgi-bin/ksdata?file=data/ojibwa39.krn&l=osu/densmore/pawnee&format=kern,https://verovio.humdrum.org/?file=osu/densmore/ojibway/data/ojibwa39.krn,data/ojibwa39.krn,kern,2ddaf2e1ed087d0feb8db9b1311723e2
ojibwa40,densmore-ojibway,The sound of his footsteps,,"Waba'cing village, Red Lake reservation, northern Minnesota, U.S.A.",,,Native American -- Ojibway,1909-1912///,Frances Densmore,"A'jide'gijig (""Crossing sky"")","Chippewa [i.e., Ojibway] Music--II, Bulletin 53 of the Bureau of American Ethnology, Smitsonian Institution",densmore1913ojibway,,,,,283,162,,,https://books.google.com/books?id=BOc_AAAAYAAJ&pg=PA283,Paul von Hippel,1998,Copyright 1998 Paul von Hippel,,,,,,,,False,True,Moccasin game [gambling] song,Ojibway,,https://kern.humdrum.org/cgi-bin/ksdata?file=data/ojibwa40.krn&l=osu/densmore/pawnee&format=kern,https://verovio.humdrum.org/?file=osu/densmore/ojibway/data/ojibwa40.krn,data/ojibwa40.krn,kern,8ab89e51edf948208978f4f085a0454d
ojibwa41,densmore-ojibway,We have salt,,"Waba'cing village, Red Lake reservation, northern Minnesota, U.S.A.",,,Native American -- Ojibway,1909-1912///,Frances Densmore,Henry Selkirk,"Chippewa [i.e., Ojibway] Music--II, Bulletin 53 of the Bureau of American Ethnology, Smitsonian Institution",densmore1913ojibway,,,,,291,168,,,https://books.google.com/books?id=BOc_AAAAYAAJ&pg=PA291,Paul von Hippel,1998,Copyright 1998 Paul von Hippel,,,,,,,,False,True,Unclassified,Ojibway,,https://kern.humdrum.org/cgi-bin/ksdata?file=data/ojibwa41.krn&l=osu/densmore/pawnee&format=kern,https://verovio.humdrum.org/?file=osu/densmore/ojibway/data/ojibwa41.krn,data/ojibwa41.krn,kern,9a9537749fbe08b9f0c99370a3bef0ff
ojibwa42,densmore-ojibway,Why?,,"Waba'cing village, Red Lake reservation, northern Minnesota, U.S.A.",,,Native American -- Ojibway,1909-1912///,Frances Densmore,Odjib'we (Ojibway),"Chippewa [i.e., Ojibway] Music--II, Bulletin 53 of the Bureau of American Ethnology, Smitsonian Institution",densmore1913ojibway,,,,,296,173,,,https://books.google.com/books?id=BOc_AAAAYAAJ&pg=PA296,Paul von Hippel,1998,Copyright 1998 Paul von Hippel,,,,,,,,False,True,Pipe dance song,Ojibway,,https://kern.humdrum.org/cgi-bin/ksdata?file=data/ojibwa42.krn&l=osu/densmore/pawnee&format=kern,https://verovio.humdrum.org/?file=osu/densmore/ojibway/data/ojibwa42.krn,data/ojibwa42.krn,kern,202232caaf3d252b95f3f215cedd9aed
