id,dataset_id,title,title_translation,location,latitude,longitude,auto_geocoded,language,glottolog_id,culture,culture_dplace_id,culture_hraf_id,genres,performers,performer_genders,instrumentation,instrument_use,percussion_use,voice_use,tonality,scale,ambitus,tempo,beat_duration,meters,metric_classification,collectors,collection_date,collection_date_earliest,collection_date_latest,publication_key,publication_type,publication_title,publication_authors,publication_date,publication_page_num,publication_song_num,tune_family_id,catalogue_num,publication_preview_url,encoders,encoding_date,contributors,copyright,license_id,file_path,file_format,version,file_checksum,file_url,file_preview_url,file_has_lyrics,file_has_music,file_has_licence,other_fields,comments,warnings,description,lyrics,lyrics_translation
i0500,sagrillo-ireland,A Lady Fair,,Ireland,,,,Irish,iris1253,,,,courtship|social class,,,,,,,D,heptatonic dorian,10,,,3/4,,,,,,oboyle1976irish,,,,,34,,,,,Damien Sagrillo,,,,,data/i0500.krn,kern,,63822f29ba5830e08c0c693e0c0aca0f,https://kern.humdrum.org/cgi-bin/ksdata?file=i0500.krn&l=users/sagrillo/ireland&format=kern,http://verovio.humdrum.org/?file=sagrillo/ireland/i0500.krn,False,True,,"{""minrhy"": ""16"", ""meters"": ""3/4 ]  ZZ[8"", ""rhy1"": ""X_X_X_  X_.XX_X_X_X_  X_X__"", ""rhy2"": ""XXXXXX  X_.XX_X_X_X_  X__."", ""key"": ""I0500  16  D 3/4 ]  ZZ[8"", ""kad"": ""+1-7b+11+1-7b+11"", ""akz"": ""17b_5-7b_17b_51_+17b_5-7b_17b_51_"", ""fot"": ""'a__b__a__c__d__e__a__cv_"", ""for"": ""'a__aw_a__b__c__cw_a__d__"", ""fok"": ""'Va_\\__Va_\\__/__\\__Va_\\__"", ""n7k"": ""0] N7[0] O1[0] O2K[0] O2[0] O3K[0] O3[0] H\u00d6[0""}",,,,,
i0501,sagrillo-ireland,Aililiu na Gamhna,,Ireland,,,,Irish,iris1253,,,,,,,,,,,A,heptatonic phrygian,10b,,,2/4,,,,,,oboyle1976irish,,,,,35,,,,,Damien Sagrillo,,,,,data/i0501.krn,kern,,1729bb14081ad48e996e41b5258330cd,https://kern.humdrum.org/cgi-bin/ksdata?file=i0501.krn&l=users/sagrillo/ireland&format=kern,http://verovio.humdrum.org/?file=sagrillo/ireland/i0501.krn,False,True,,"{""minrhy"": ""8"", ""meters"": ""2/4 ]  ZZ[8"", ""rhy1"": ""X_XX  X_XX  X_XX  X_X"", ""rhy2"": ""X  X_XX  X_X_  X_XX  X_X"", ""key"": ""I0501  08  A 2/4 ]  ZZ[8"", ""kad"": ""-7b-7b51-7b-7b51"", ""akz"": ""1-4-5-7b_16b4-7b_16b43b_4-5-41_1-5-5-7b_16b4-7b_16b43b_4-5-41_"", ""fot"": ""'a__b__c__d__aw_bw_cv_dv_"", ""for"": ""'a__b__c__d__e__dv_cv_d__"", ""fok"": ""'Vd_^__~a_Vd_Vd_^d_~a_Vd_"", ""n7k"": ""0] N7[11] O1[5] O2K[0] O2[0] O3K[0] O3[0] H\u00d6[0""}",,,,,
i0502,sagrillo-ireland,A Bhruinnillin Bhéasach,,Ireland,,,,Irish,iris1253,,,,,,,,,,,F,heptatonic lydian,10b,,,3/4,,,,,,oboyle1976irish,,,,,36,,,,,Damien Sagrillo,,,,,data/i0502.krn,kern,,b15be4694a201c59cb236e4b107e3d4b,https://kern.humdrum.org/cgi-bin/ksdata?file=i0502.krn&l=users/sagrillo/ireland&format=kern,http://verovio.humdrum.org/?file=sagrillo/ireland/i0502.krn,False,True,,"{""minrhy"": ""16"", ""meters"": ""3/4 ]  ZZ[4"", ""rhy1"": ""X_X_  X__X__X_.X  X__X__X_.X  X__X__X_.X  X__X__.X_  X__.0_"", ""rhy2"": ""X_.X  X__X__X_X_  X__X__X_X_  X__X__X_.X  X_XXX__.X_  X__.0_"", ""key"": ""I0502  16  F 3/4 ]  ZZ[4"", ""kad"": ""1551"", ""akz"": ""36521_31665_31665_36521_"", ""fot"": ""'a__b__b__a__"", ""for"": ""'a__b__c__av_"", ""fok"": ""'M__Ma_Ma_M__"", ""n7k"": ""8] N7[0] O1[9] O2K[0] O2[0] O3K[0] O3[0] H\u00d6[0""}",,,,,
i0503,sagrillo-ireland,Ban - chnoic éireann ó,,Ireland,,,,Irish,iris1253,,,,,,,,,,,D,heptatonic mixolydian,11,,,2/4,,,,,,oboyle1976irish,,,,,37,,,,,Damien Sagrillo,,,,,data/i0503.krn,kern,,144ba6785e4f428023818ab9bbc2cf24,https://kern.humdrum.org/cgi-bin/ksdata?file=i0503.krn&l=users/sagrillo/ireland&format=kern,http://verovio.humdrum.org/?file=sagrillo/ireland/i0503.krn,False,True,,"{""minrhy"": ""16"", ""meters"": ""2/4 ]  ZZ[8"", ""rhy1"": ""X_X_  X_X__X_  X_X_X_X_  X__X_X_  X__   (x2)"", ""rhy2"": ""X_X_  X_X_X_X_  X_X_X_X_  X___  ^__"", ""key"": ""I0503  16  D 2/4 ]  ZZ[8"", ""kad"": ""6161+1-661"", ""akz"": ""4416_5-611_4416_5-611_7b7b5+1_7b65-6_7b7b16_5-611_"", ""fot"": ""'a__b__aw_b__c__d__e__b__"", ""for"": ""'a__b__a__b__c__d__c__b__"", ""fok"": ""'~a_Vd_~a_Vd_~a_^d_~a_Vd_"", ""n7k"": ""8] N7[0] O1[0] O2K[0] O2[0] O3K[0] O3[0] H\u00d6[0""}",,,,,
i0504,sagrillo-ireland,Duan chroí íosa,,Ireland,,,,Irish,iris1253,,,,,,,,,,,E,heptatonic aeolean,7b,,,3/4,,,,,,oboyle1976irish,,,,,504,,,,,Damien Sagrillo,,,,,data/i0504.krn,kern,,5f6dbf026aa0911e08f9594d314dbbba,https://kern.humdrum.org/cgi-bin/ksdata?file=i0504.krn&l=users/sagrillo/ireland&format=kern,http://verovio.humdrum.org/?file=sagrillo/ireland/i0504.krn,False,True,,"{""minrhy"": ""8"", ""meters"": ""3/4 ]  ZZ[4"", ""rhy1"": ""XX  X_X_X_  X__X_  X_X_X_  X__X_  X__.  ^_0_"", ""rhy2"": ""XX  X_X_X_  X__X_  X__X_  X_X_X_  X__.  ^_0_"", ""key"": ""I0504  08  E 3/4 ]  ZZ[4"", ""kad"": ""1441"", ""akz"": ""553b211_3b3b57b44_3b3b57b44_553b211_"", ""fot"": ""'a__b__bw_a__"", ""for"": ""'a__b__bv_a__"", ""fok"": ""'^d_Ma_S__^d_"", ""n7k"": ""2] N7[0] O1[0] O2K[0] O2[0] O3K[0] O3[0] H\u00d6[0""}",,,,,
i0505,sagrillo-ireland,As I roved out,,Ireland,,,,Irish,iris1253,,,,love,,,,,,,D,heptatonic mixolydian,10b,,,3/4|4/4,,,,,,oboyle1976irish,,,,,42,,,,,Damien Sagrillo,,,,,data/i0505.krn,kern,,f29161ba32a65e9bd828feaf6ea7ee33,https://kern.humdrum.org/cgi-bin/ksdata?file=i0505.krn&l=users/sagrillo/ireland&format=kern,http://verovio.humdrum.org/?file=sagrillo/ireland/i0505.krn,False,True,,"{""minrhy"": ""16"", ""meters"": ""3/4 4/4 ]  ZZ[4"", ""rhy1"": ""X_X_X_X_  X_.XX_X_X_X_  X_.XX_"", ""rhy2"": ""X_X_X_  X_.XXXX_X_XX  X__"", ""key"": ""I0505  16  D 3/4 4/4 ]  ZZ[4"", ""kad"": ""-7b451"", ""akz"": ""12_54_515_51_"", ""fot"": ""'a__b__c__d__"", ""for"": ""'a__b__c__d__"", ""fok"": ""'Ma_~a_$a_^a_"", ""n7k"": ""9] N7[0] O1[12] O2K[0] O2[2] O3K[0] O3[0] H\u00d6[0""}",,,,,
i0506,sagrillo-ireland,Rßdßi na scadßn,,Ireland,,,,Irish,iris1253,,,,story,,,,,,,C,heptatonic mixolydian,9,,,3/4,,,,,,oboyle1976irish,,,,,44,,,,,Damien Sagrillo,,,,,data/i0506.krn,kern,,d82afd4686b0f10fc7676aaf411ed0f4,https://kern.humdrum.org/cgi-bin/ksdata?file=i0506.krn&l=users/sagrillo/ireland&format=kern,http://verovio.humdrum.org/?file=sagrillo/ireland/i0506.krn,False,True,,"{""minrhy"": ""8"", ""meters"": ""3/4 ]  ZZ[4"", ""rhy1"": ""XX  X_X_X_  X__X_  X__X_  X__XX  X__.  ^_0_"", ""rhy2"": ""XX  X_X_X_  X__XX  X_X_X_  XX_.X_  X__.  ^_0_"", ""key"": ""I0506  08  C 3/4 ]  ZZ[4"", ""kad"": ""+1121"", ""akz"": ""7b7b56+1+1_+265211_332522_57b5211_"", ""fot"": ""'a__b__c__bw_"", ""for"": ""'a__b__c__d__"", ""fok"": ""'~a_\\__Sd_^d_"", ""n7k"": ""0] N7[10] O1[28] O2K[0] O2[7] O3K[0] O3[0] H\u00d6[0""}",,,,,
i0507,sagrillo-ireland,The banks of the bann,,Ireland,,,,Irish,iris1253,,,,seduction,,,,,,,D,hexatonic minor,9,,,4/4,,,,,,oboyle1976irish,,,,,46,,,,,Damien Sagrillo,,,,,data/i0507.krn,kern,,8d35c83d8632412e4cb1be877d73f1ec,https://kern.humdrum.org/cgi-bin/ksdata?file=i0507.krn&l=users/sagrillo/ireland&format=kern,http://verovio.humdrum.org/?file=sagrillo/ireland/i0507.krn,False,True,,"{""minrhy"": ""8"", ""meters"": ""4/4 ]  ZZ[4"", ""rhy1"": ""XX  X_X__XX  X_X__XX  X_X__X_  X__."", ""rhy2"": ""XX  X_X__XX  X_X__X_  X_X__XX  X__."", ""key"": ""I0507  08  D 4/4 ]  ZZ[4"", ""kad"": ""1311"", ""akz"": ""35+1+13311_+2+2+1+1+1533_+2+2+1+1+1531_55+1+13311_"", ""fot"": ""'a__b__bw_aw_"", ""for"": ""'a__b__bw_a__"", ""fok"": ""'^__^d_^d_^__"", ""n7k"": ""0] N7[0] O1[0] O2K[0] O2[0] O3K[0] O3[0] H\u00d6[0""}",,,,,
i0508,sagrillo-ireland,The blackbird of Mullaghmore,,Ireland,,,,Irish,iris1253,,,,policital|allegory,,,,,,,F,hexatonic minor,11,,,4/4,,,,,,oboyle1976irish,,,,,48,,,,,Damien Sagrillo,,,,,data/i0508.krn,kern,,9a2de160078007e72f52cdfc6c1fe51c,https://kern.humdrum.org/cgi-bin/ksdata?file=i0508.krn&l=users/sagrillo/ireland&format=kern,http://verovio.humdrum.org/?file=sagrillo/ireland/i0508.krn,False,True,,"{""minrhy"": ""8"", ""meters"": ""4/4 ]  ZZ[4"", ""rhy1"": ""XX  X_.XX_X_  XXX__X_  X_X_X_.X  X__."", ""rhy2"": ""X_  X_.XX_X_  XXX__X_  X_X_X_XX  X__."", ""key"": ""I0508  08  F 4/4 ]  ZZ[4"", ""kad"": ""15-61"", ""akz"": ""321-5-5111_13513555_565153-6-6_321-5-5111_"", ""fot"": ""'a__b__c__a__"", ""for"": ""'a__b__c__a__"", ""fok"": ""'Vd_/__Md_Vd_"", ""n7k"": ""9] N7[0] O1[1] O2K[0] O2[0] O3K[0] O3[0] H\u00d6[0""}",,,,,
i0509,sagrillo-ireland,Bonny Portmore,,Ireland,,,,Irish,iris1253,,,,story|melancholy,,,,,,,D,hexatonic,9,,,3/4,,,,,,oboyle1976irish,,,,,50,,,,,Damien Sagrillo,,,,,data/i0509.krn,kern,,1f7988114fef96c0b9fd0b44ad5520bb,https://kern.humdrum.org/cgi-bin/ksdata?file=i0509.krn&l=users/sagrillo/ireland&format=kern,http://verovio.humdrum.org/?file=sagrillo/ireland/i0509.krn,False,True,,"{""minrhy"": ""16"", ""meters"": ""3/4 ]  ZZ[4"", ""rhy1"": ""X_X_  X__X__(X_X_X_)  X__X__(X_X_X_)  X__X__X_X_  X___   (x2)"", ""rhy2"": ""X_X_  X__X__(X_X_X_)  X__X__X_X_  X__X__X__  X___"", ""key"": ""I0509  16  D 3/4 ]  ZZ[4"", ""kad"": ""2121"", ""akz"": ""157b2_1521_7b67b2_7b441_"", ""fot"": ""'a__b__c__d__"", ""for"": ""'a__b__c__d__"", ""fok"": ""'Sd_Sd_^d_Md_"", ""n7k"": ""13] N7[0] O1[8] O2K[0] O2[0] O3K[0] O3[0] H\u00d6[0""}",,,,,
i0510,sagrillo-ireland,The boys of Mullaghbawn,,Ireland,,,,Irish,iris1253,,,,lament,,,,,,,E,pentatonic zhi,9,,,4/4,,,,,,oboyle1976irish,,,,,52,,,,,Damien Sagrillo,,,,,data/i0510.krn,kern,,a76988dd278aa5db03286299eca4f6a1,https://kern.humdrum.org/cgi-bin/ksdata?file=i0510.krn&l=users/sagrillo/ireland&format=kern,http://verovio.humdrum.org/?file=sagrillo/ireland/i0510.krn,False,True,,"{""minrhy"": ""8"", ""meters"": ""4/4 ]  ZZ[4"", ""rhy1"": ""XX  X_.XX_.X  X_X__XX  X_.XX_.X  X_X__"", ""rhy2"": ""X_  X_.XX_X_  X_X__X_  XX_.X_X_  X__."", ""key"": ""I0510  08  E 4/4 ]  ZZ[4"", ""kad"": ""3b-7b11"", ""akz"": ""3b5113b543b_7b7b+1+143b-7b-7b_7b7b+1+14441_3b7b53b-7b111_"", ""fot"": ""'a__b__c__d__"", ""for"": ""'a__b__c__d__"", ""fok"": ""'Ma_^d_\\__^__"", ""n7k"": ""0] N7[0] O1[0] O2K[0] O2[0] O3K[0] O3[0] H\u00d6[0""}",,,,,
i0511,sagrillo-ireland,Cailín gaelech,,Ireland,,,,Irish,iris1253,,,,,,,,,,,F,hexatonic minor,9,,,6/8,,,,,,oboyle1976irish,,,,,54,,,,,Damien Sagrillo,,,,,data/i0511.krn,kern,,b40afaa264bcb28c733786cd60b11f56,https://kern.humdrum.org/cgi-bin/ksdata?file=i0511.krn&l=users/sagrillo/ireland&format=kern,http://verovio.humdrum.org/?file=sagrillo/ireland/i0511.krn,False,True,,"{""minrhy"": ""16"", ""meters"": ""6/8 ]  ZZ[4"", ""rhy1"": ""X__X_X_X__  X__X__.XX  X___X_X_  X__X_X__"", ""rhy2"": ""X_  X__.X_X__  X__X_X_X_.X  X___^_X_  X___."", ""key"": ""I0511  16  F 6/8 ]  ZZ[4"", ""kad"": ""-52-51"", ""akz"": ""135633-6-5_12312222_33-6-513-5-5_12331111_"", ""fot"": ""'a__b__c__d__"", ""for"": ""'a__b__c__d__"", ""fok"": ""'^d_/__Sd_^a_"", ""n7k"": ""11] N7[0] O1[7] O2K[0] O2[7] O3K[0] O3[0] H\u00d6[0""}",,,,,
i0512,sagrillo-ireland,An cailín rua,,Ireland,,,,Irish,iris1253,,,,love|infidelity|stupidity,,,,,,,D,heptatonic mixolydian,9,,,2/4,,,,,,oboyle1976irish,,,,,57,,,,,Damien Sagrillo,,,,,data/i0512.krn,kern,,9cb1d1603a0db3c668e402fd0a0292cf,https://kern.humdrum.org/cgi-bin/ksdata?file=i0512.krn&l=users/sagrillo/ireland&format=kern,http://verovio.humdrum.org/?file=sagrillo/ireland/i0512.krn,False,True,,"{""minrhy"": ""8"", ""meters"": ""2/4 ]  ZZ[4"", ""rhy1"": ""X  X_XX  X_XX  X_XX  X_X_  X_"", ""rhy2"": ""XX  X_XX  X_XX  X__"", ""key"": ""I0512  08  D 2/4 ]  ZZ[4"", ""kad"": ""7b+131"", ""akz"": ""14527b_65+1_+2+14_4+1621_"", ""fot"": ""'a__b__c__d__"", ""for"": ""'a__aw_b__c__"", ""fok"": ""'~a_Va_\\__^d_"", ""n7k"": ""11] N7[0] O1[15] O2K[0] O2[7] O3K[7] O3[0] H\u00d6[0""}",,,,,
i0513,sagrillo-ireland,Dobbin's flowery vale,,Ireland,,,,Irish,iris1253,,,,story|historical,,,,,,,C,hexatonic minor,11,,,4/4,,,,,,oboyle1976irish,,,,,58,,,,,Damien Sagrillo,,,,,data/i0513.krn,kern,,0622b2b0c5c77a98728c66d69ff23aa3,https://kern.humdrum.org/cgi-bin/ksdata?file=i0513.krn&l=users/sagrillo/ireland&format=kern,http://verovio.humdrum.org/?file=sagrillo/ireland/i0513.krn,False,True,,"{""minrhy"": ""8"", ""meters"": ""4/4 ]  ZZ[4"", ""rhy1"": ""XX  X_XXX_XX  X_X_X_.X  X_X_XXXX  X__."", ""rhy2"": ""XX  X_XXX_XX  X_X_X_.X  X_XXX_.X  X__."", ""key"": ""I0513  08  C 4/4 ]  ZZ[4"", ""kad"": ""+11+11"", ""akz"": ""+154-7b3b5+1+1_+154-7b3b111_7b7b+3b+2+15+1+1_+154-7b3b111_"", ""fot"": ""'a__b__c__b__"", ""for"": ""'a__b__c__b__"", ""fok"": ""'Vd_Sd_~a_Sd_"", ""n7k"": ""0] N7[4] O1[17] O2K[0] O2[8] O3K[0] O3[5] H\u00d6[0""}",,,,,
i0514,sagrillo-ireland,Esternowe,,Ireland,,,,Irish,iris1253,,,,love,,,,,,,C,hexatonic minor,10,,,4/4,,,,,,oboyle1976irish,,,,,60,,,,,Damien Sagrillo,,,,,data/i0514.krn,kern,,89b5ec541654a9b3dad0ed3398acc807,https://kern.humdrum.org/cgi-bin/ksdata?file=i0514.krn&l=users/sagrillo/ireland&format=kern,http://verovio.humdrum.org/?file=sagrillo/ireland/i0514.krn,False,True,,"{""minrhy"": ""16"", ""meters"": ""4/4 ]  ZZ[5"", ""rhy1"": ""X_X_X__X__  X__(X_X_X_)X__.X_  X__(X_X_X_)X__X_X_  X_X_X_X_X__.X_  X__"", ""rhy2"": ""X_X_X__X_X_  X_X_X__X__X_XX  X__X_X_X__X__  X_X_X__X__X_X_  X__"", ""key"": ""I0514  16  C 4/4 ]  ZZ[5"", ""kad"": ""1+1+171"", ""akz"": ""6+151+1621_55+2+3+165+1_55+2+3+165+1_6+151+1_621_"", ""fot"": ""'a__b__bv_av_c__"", ""for"": ""'a__b__c__aw_d__"", ""fok"": ""'Sd_~a_~a_Vd_\\__"", ""n7k"": ""0] N7[0] O1[0] O2K[0] O2[0] O3K[0] O3[0] H\u00d6[0""}",,,,,
i0515,sagrillo-ireland,The Flower of Magherally,,Ireland,,,,Irish,iris1253,,,,love,,,,,,,G,octatonic,10b,,,4/4,,,,,,oboyle1976irish,,,,,62,,,,,Damien Sagrillo,,,,,data/i0515.krn,kern,,9ff2865507b68af613a540c4f91ad729,https://kern.humdrum.org/cgi-bin/ksdata?file=i0515.krn&l=users/sagrillo/ireland&format=kern,http://verovio.humdrum.org/?file=sagrillo/ireland/i0515.krn,False,True,,"{""minrhy"": ""16"", ""meters"": ""4/4 ]  ZZ[4"", ""rhy1"": ""X__  X__.X_X__.X_  X___X__.XX  X__.X_X__X__  X_X__.X___"", ""rhy2"": ""X__.X_X__.X_  X___X__.XX  X_X__.X__X__  X_X__.X__."", ""key"": ""I0515  16  G 4/4 ]  ZZ[4"", ""kad"": ""11-51"", ""akz"": ""3b21-53b43b1_3b21-53b43b1_554451-7b-5_51-7b-5-4-7b21_"", ""fot"": ""'a__av_b__c__"", ""for"": ""'a__b__c__d__"", ""fok"": ""'Ma_Sd_Md_Vd_"", ""n7k"": ""0] N7[0] O1[0] O2K[0] O2[0] O3K[0] O3[0] H\u00d6[0""}",,,,,
i0516,sagrillo-ireland,General Monroe,,Ireland,,,,Irish,iris1253,,,,historical|ballad,,,,,,,G,heptatonic ionian,11,,,3/4,,,,,,oboyle1976irish,,,,,516,,,,,Damien Sagrillo,,,,,data/i0516.krn,kern,,d5d86705fc26bc5e55ffc36ead61a16b,https://kern.humdrum.org/cgi-bin/ksdata?file=i0516.krn&l=users/sagrillo/ireland&format=kern,http://verovio.humdrum.org/?file=sagrillo/ireland/i0516.krn,False,True,,"{""minrhy"": ""8"", ""meters"": ""3/4 ]  ZZ[4"", ""rhy1"": ""XX  X_X_XX  X_X_X_  XX_.X_  X__"", ""rhy2"": ""(XXX)  X_X_X_  X__X_  X_X_X_  X__"", ""key"": ""I0516  08  G 3/4 ]  ZZ[4"", ""kad"": ""1331"", ""akz"": ""3-5-61_4523_4523_3-5-61_"", ""fot"": ""'a__b__bv_aw_"", ""for"": ""'a__b__c__d__"", ""fok"": ""'~__~a_~a_Vd_"", ""n7k"": ""0] N7[0] O1[0] O2K[0] O2[0] O3K[0] O3[0] H\u00d6[0""}",,,,,
i0517,sagrillo-ireland,The Knight on the Road,,Ireland,,,,Irish,iris1253,,,,ballad,,,,,,,F,pentatonic gong,9,,,4/4,,,,,,oboyle1976irish,,,,,66,,,,,Damien Sagrillo,,,,,data/i0517.krn,kern,,6ac73f9efe5aa9895d265312a9217ed1,https://kern.humdrum.org/cgi-bin/ksdata?file=i0517.krn&l=users/sagrillo/ireland&format=kern,http://verovio.humdrum.org/?file=sagrillo/ireland/i0517.krn,False,True,,"{""minrhy"": ""4"", ""meters"": ""4/4 ]  ZZ[4"", ""rhy1"": ""X  XXXX  XXXX  X_XX  XX_"", ""rhy2"": ""X  XXXX  XXXX  X_XX  X_"", ""key"": ""I0517  04  F 4/4 ]  ZZ[4"", ""kad"": ""12-51"", ""akz"": ""11631-6-61_1165322_3663131-5_-511631-6-61_"", ""fot"": ""'a__b__c__d__"", ""for"": ""'a__aw_b__av_"", ""fok"": ""'~a_^a_Md_~a_"", ""n7k"": ""10] N7[0] O1[9] O2K[0] O2[0] O3K[0] O3[0] H\u00d6[0""}",,,,,
i0518,sagrillo-ireland,Lough erne shore,,Ireland,,,,Irish,iris1253,,,,love,,,,,,,D,hexatonic,11,,,3/4,,,,,,oboyle1976irish,,,,,68,,,,,Damien Sagrillo,,,,,data/i0518.krn,kern,,54564fa626ccd9ffec8b48184cc26067,https://kern.humdrum.org/cgi-bin/ksdata?file=i0518.krn&l=users/sagrillo/ireland&format=kern,http://verovio.humdrum.org/?file=sagrillo/ireland/i0518.krn,False,True,,"{""minrhy"": ""16"", ""meters"": ""3/4 ]  ZZ[8"", ""rhy1"": ""X_X_  X__X__X__  X_X_X__   (x2)"", ""rhy2"": ""X__  X__X__X__  X__X__.X_  X_X_X__X__  X__.0"", ""key"": ""I0518  16  D 3/4 ]  ZZ[8"", ""kad"": ""3b-7b515-7b51"", ""akz"": ""14_3b7b4-7b_143b_7b41_+17b_4+14-7b_143b_7b41_"", ""fot"": ""'a__b__av_c__d__e__aw_cv_"", ""for"": ""'a__b__aw_c__d__dw_aw_c__"", ""fok"": ""'^a_^d_~a_\\__~__^d_~a_\\__"", ""n7k"": ""0] N7[3] O1[10] O2K[0] O2[7] O3K[0] O3[2] H\u00d6[0""}",,,,,
i0519,sagrillo-ireland,The Maid of Ballydoo,,Ireland,,,,Irish,iris1253,,,,love,,,,,,,C,heptatonic ionian,10,,,4/4,,,,,,oboyle1976irish,,,,,70,,,,,Damien Sagrillo,,,,,data/i0519.krn,kern,,873f4e86a76f324f97a2dcab4309654f,https://kern.humdrum.org/cgi-bin/ksdata?file=i0519.krn&l=users/sagrillo/ireland&format=kern,http://verovio.humdrum.org/?file=sagrillo/ireland/i0519.krn,False,True,,"{""minrhy"": ""16"", ""meters"": ""4/4 ]  ZZ[4"", ""rhy1"": ""XX  X_X_X_X_X_X_X_X_  X_.XX_X_X__."", ""rhy2"": ""XX  X_X_X_X_X_X_X_X_  X_X_X_X_X__."", ""key"": ""I0519  16  C 4/4 ]  ZZ[4"", ""kad"": ""15+11"", ""akz"": ""55+11_15+25_353+1_+3+131_"", ""fot"": ""'a__b__c__d__"", ""for"": ""'a__b__b__c__"", ""fok"": ""'^d_Sa_Wa_^d_"", ""n7k"": ""5] N7[0] O1[5] O2K[0] O2[0] O3K[0] O3[0] H\u00d6[0""}",,,,,
i0520,sagrillo-ireland,Maighre an chúil órbhui,,Ireland,,,,Irish,iris1253,,,,,,,,,,,E,octatonic w/o 7,11,,,3/4,,,,,,oboyle1976irish,,,,,72,,,,,Damien Sagrillo,,,,,data/i0520.krn,kern,,f0ad6d76a02f906201aec33e70525c0e,https://kern.humdrum.org/cgi-bin/ksdata?file=i0520.krn&l=users/sagrillo/ireland&format=kern,http://verovio.humdrum.org/?file=sagrillo/ireland/i0520.krn,False,True,,"{""minrhy"": ""8"", ""meters"": ""3/4 ]  ZZ[4"", ""rhy1"": ""XX  X_X_XX  X_X_XX  XXXXXX  X_X_"", ""rhy2"": ""XX  X_X_XX  X_X_XX  XXXXXX  X_X_"", ""key"": ""I0520  08  E 3/4 ]  ZZ[4"", ""kad"": ""11-7b1"", ""akz"": ""13b51_13b51_+17b21_13b51_"", ""fot"": ""'a__a__b__a__"", ""for"": ""'a__a__b__a__"", ""fok"": ""'Ma_Ma_Md_Ma_"", ""n7k"": ""0] N7[11] O1[16] O2K[0] O2[2] O3K[0] O3[0] H\u00d6[0""}",,,,,
i0521,sagrillo-ireland,Moorlough Mary,,Ireland,,,,Irish,iris1253,,,,love|ballad,,,,,,,D,heptatonic ionian,9,,,6/4,,,,,,oboyle1976irish,,,,,74,,,,,Damien Sagrillo,,,,,data/i0521.krn,kern,,ccd7d2e2773d921d592e141e7efd141d,https://kern.humdrum.org/cgi-bin/ksdata?file=i0521.krn&l=users/sagrillo/ireland&format=kern,http://verovio.humdrum.org/?file=sagrillo/ireland/i0521.krn,False,True,,"{""minrhy"": ""16"", ""meters"": ""6/4 ]  ZZ[8"", ""rhy1"": ""X_X_X__X_XX  X___X_X_X__.X_X_X_  X__.X_X__"", ""rhy2"": ""X_X_X__X__  X__.X_X__X_X_X_X_X__  X___."", ""key"": ""I0521  16  D 6/4 ]  ZZ[8"", ""kad"": ""36313631"", ""akz"": ""1+1+26_1+166_6335_6331_1+1+16_1+166_6335_6331_"", ""fot"": ""'a__aw_b__bw_aw_aw_b__bw_"", ""for"": ""'a__b__c__d__e__ew_c__f__"", ""fok"": ""'^a_~a_Sd_\\__^a_~a_Sd_Sd_"", ""n7k"": ""0] N7[0] O1[0] O2K[0] O2[0] O3K[0] O3[0] H\u00d6[0""}",,,,,
i0522,sagrillo-ireland,The Mountain Streams,,Ireland,,,,Irish,iris1253,,,,love|social class,,,,,,,A,hexatonic minor,12,,,9/8,,,,,,oboyle1976irish,,,,,76,,,,,Damien Sagrillo,,,,,data/i0522.krn,kern,,8e61da2ad424779f820ed79ae69deab6,https://kern.humdrum.org/cgi-bin/ksdata?file=i0522.krn&l=users/sagrillo/ireland&format=kern,http://verovio.humdrum.org/?file=sagrillo/ireland/i0522.krn,False,True,,"{""minrhy"": ""16"", ""meters"": ""9/8 ]  ZZ[8"", ""rhy1"": ""XXX_X_X_  X__X_X_X_X_X_X_X_  X_X_X_X__"", ""rhy2"": ""XXX_.XXX  X_X__X_X_X_X__X_  X___^_"", ""key"": ""I0522  16  A 9/8 ]  ZZ[8"", ""kad"": ""-5-1-51-51-5-1"", ""akz"": NaN, ""fot"": ""'a__b__a__bv_c__bs\""aw_b__"", ""for"": ""'a__b__a__bw_c__cw_d__b__"", ""fok"": ""'Sd_\\__Sd_Vd_^d_^a_M__\\__"", ""n7k"": ""0] N7[7] O1[13] O2K[0] O2[3] O3K[0] O3[0] H\u00d6[0""}",,,,,
i0523,sagrillo-ireland,An t-oileßn úr,,Ireland,,,,Irish,iris1253,,,,emigration,,,,,,,D,heptatonic major,10,,,4/4,,,,,,oboyle1976irish,,,,,78,,,,,Damien Sagrillo,,,,,data/i0523.krn,kern,,3a5a1c96ae0532e75847fb9a8021fdcb,https://kern.humdrum.org/cgi-bin/ksdata?file=i0523.krn&l=users/sagrillo/ireland&format=kern,http://verovio.humdrum.org/?file=sagrillo/ireland/i0523.krn,False,True,,"{""minrhy"": ""8"", ""meters"": ""4/4 ]  ZZ[4"", ""rhy1"": ""X_X_X_X_  X__X_XX  X_X_XXX_  X__"", ""rhy2"": ""X_XX  X_.XX_X_  X_.XX_X_  XX_.XX_.  X__."", ""key"": ""I0523  08  D 4/4 ]  ZZ[4"", ""kad"": ""1111"", ""akz"": ""+17+2+1551_-7b33552111_+17+2+1551_-7b33552211_"", ""fot"": ""'a__b__av_b__"", ""for"": ""'a__b__av_c__"", ""fok"": ""'Sd_^a_^d_^a_"", ""n7k"": ""0] N7[0] O1[0] O2K[0] O2[0] O3K[0] O3[0] H\u00d6[0""}",,,,,
i0524,sagrillo-ireland,Old Arboe,,Ireland,,,,Irish,iris1253,,,,story,,,,,,,Bb,enneatonic major,12,,,6/4,,,,,,oboyle1976irish,,,,,,,,,,Damien Sagrillo,,,,,data/i0524.krn,kern,,aafac05ff6d1e13fd49f90342eb80a9f,https://kern.humdrum.org/cgi-bin/ksdata?file=i0524.krn&l=users/sagrillo/ireland&format=kern,http://verovio.humdrum.org/?file=sagrillo/ireland/i0524.krn,False,True,,"{""minrhy"": ""8"", ""meters"": ""6/4 ]  ZZ[8"", ""rhy1"": ""XXX_XX  X_.XX_X_X_X_  X_.XX_"", ""rhy2"": ""XXX_.X  X_.XXXXXX_.X  X__."", ""key"": ""I0524  08 Bb 6/4 ]  ZZ[8"", ""kad"": ""--7b-1--7b-1-51--7b-1"", ""akz"": ""-5-51-4_-1-5-4-1_-5-51-4_-1-5-4-1_-5321-5_321_-71-5-4_-1-5-4-1_"", ""fot"": ""'a__b__a__b__c__d__e__b__"", ""for"": ""'a__b__a__b__c__cw_d__b__"", ""fok"": ""'^d_^__^d_^__M__~a_\\__^__"", ""n7k"": ""0] N7[18] O1[18] O2K[0] O2[10] O3K[0] O3[2] H\u00d6[0""}",,,,,
i0525,sagrillo-ireland,The Purple Boy,,Ireland,,,,Irish,iris1253,,,,ballad,,,,,,,C,hexatonic minor,10,,,3/4,,,,,,oboyle1976irish,,,,,82,,,,,Damien Sagrillo,,,,,data/i0525.krn,kern,,db8c403f692537dd2ead5bfb57487550,https://kern.humdrum.org/cgi-bin/ksdata?file=i0525.krn&l=users/sagrillo/ireland&format=kern,http://verovio.humdrum.org/?file=sagrillo/ireland/i0525.krn,False,True,,"{""minrhy"": ""8"", ""meters"": ""3/4 ]  ZZ[5"", ""rhy1"": ""X_X_X_  XX_.X_  XX_.X_  X__."", ""rhy2"": ""X_X_X_  XXX_X_  X__X_  X__."", ""key"": ""I0525  08  C 3/4 ]  ZZ[5"", ""kad"": ""15611"", ""akz"": ""1621_+1+275_7+2+16_77631_+1321_"", ""fot"": ""'a__b__c__d__aw_"", ""for"": ""'a__b__c__d__e__"", ""fok"": ""'^__\\__^d_\\__Sd_"", ""n7k"": ""0] N7[10] O1[14] O2K[0] O2[7] O3K[0] O3[0] H\u00d6[0""}",,,,,
i0526,sagrillo-ireland,The Rambling Boys of Pleasure,,Ireland,,,,Irish,iris1253,,,,love|unanswered love,,,,,,,D,heptatonic ionian,10b,,,4/4,,,,,,oboyle1976irish,,,,,84,,,,,Damien Sagrillo,,,,,data/i0526.krn,kern,,c102a5951ee0be3df16e7c1f22196043,https://kern.humdrum.org/cgi-bin/ksdata?file=i0526.krn&l=users/sagrillo/ireland&format=kern,http://verovio.humdrum.org/?file=sagrillo/ireland/i0526.krn,False,True,,"{""minrhy"": ""16"", ""meters"": ""4/4 ]  ZZ[4"", ""rhy1"": ""X_X_  X__.X_X_X_X__  X__.X_X__.X_  X__.X_X_X_X_X_  X__.X_X__   (x2)"", ""rhy2"": ""X_X_  X__.X_X__X_X_  X__.X_X_X_X_X_  X__.X_X_X_X_X_  X__X_X_X__."", ""key"": ""I0526  16  D 4/4 ]  ZZ[4"", ""kad"": ""1+1+11"", ""akz"": ""11+143411_+25+176+15+1_+25+176+15+1_11+143411_"", ""fot"": ""'a__b__bv_av_"", ""for"": ""'a__b__bv_c__"", ""fok"": ""'Sd_$a_$__Sd_"", ""n7k"": ""0] N7[14] O1[10] O2K[0] O2[6] O3K[0] O3[0] H\u00d6[0""}",,,,,
i0527,sagrillo-ireland,The Suit of Green,,Ireland,,,,Irish,iris1253,,,,policital|ballad,,,,,,,C,heptatonic ionian,9,,,4/4,,,,,,oboyle1976irish,,,,,86,,,,,Damien Sagrillo,,,,,data/i0527.krn,kern,,a208639f314a5555f99868933157312e,https://kern.humdrum.org/cgi-bin/ksdata?file=i0527.krn&l=users/sagrillo/ireland&format=kern,http://verovio.humdrum.org/?file=sagrillo/ireland/i0527.krn,False,True,,"{""minrhy"": ""16"", ""meters"": ""4/4 ]  ZZ[4"", ""rhy1"": ""X_.X  X__.X_X__X__  X__.X_X__X_X_  X__.X_X_X_X_X_  X__.X_X__."", ""rhy2"": ""X_  X__.X_X__X__  X__.X_X__X_X_  X__X_X_X_X_X_X_  X_X_X_X_X__0_"", ""key"": ""I0527  16  C 4/4 ]  ZZ[4"", ""kad"": ""1221"", ""akz"": ""+17625611_5252+2+142_4252+2+142_+1+2625611_"", ""fot"": ""'a__b__bw_aw_"", ""for"": ""'a__b__c__d__"", ""fok"": ""'Md_$d_$d_Md_"", ""n7k"": ""11] N7[0] O1[4] O2K[0] O2[0] O3K[0] O3[0] H\u00d6[0""}",,,,,
i0528,sagrillo-ireland,Tß mé 'mo shuí,,Ireland,,,,Irish,iris1253,,,,love|forbidden love,,,,,,,E,heptatonic mixolydian,8,,,3/4,,,,,,oboyle1976irish,,,,,88,,,,,Damien Sagrillo,,,,,data/i0528.krn,kern,,84bff214eb3f63dc30bc31fe6b147b43,https://kern.humdrum.org/cgi-bin/ksdata?file=i0528.krn&l=users/sagrillo/ireland&format=kern,http://verovio.humdrum.org/?file=sagrillo/ireland/i0528.krn,False,True,,"{""minrhy"": ""8"", ""meters"": ""3/4 ]  ZZ[4"", ""rhy1"": ""X_X_X_  X__X_  X__X_  XX_.X_  X__.  ^_0_"", ""rhy2"": ""X_  X_X_X_  X_.XX_  X__XX  XX_.X_  X__.  ^_0_"", ""key"": ""I0528  08  E 3/4 ]  ZZ[4"", ""kad"": ""1441"", ""akz"": ""543211_17b+17b44_17b+17b44_543211_"", ""fot"": ""'a__b__bw_c__"", ""for"": ""'a__b__c__av_"", ""fok"": ""'Sd_^a_Sa_^d_"", ""n7k"": ""0] N7[0] O1[0] O2K[0] O2[0] O3K[0] O3[0] H\u00d6[0""}",,,,,
i0529,sagrillo-ireland,What brought the blood?,,Ireland,,,,Irish,iris1253,,,,ballad,,,,,,,G,heptatonic dorian,9,,,4/4,,,,,,oboyle1976irish,,,,,90,,,,,Damien Sagrillo,,,,,data/i0529.krn,kern,,a7c520039c948c1b04ea3d97d63abe1a,https://kern.humdrum.org/cgi-bin/ksdata?file=i0529.krn&l=users/sagrillo/ireland&format=kern,http://verovio.humdrum.org/?file=sagrillo/ireland/i0529.krn,False,True,,"{""minrhy"": ""16"", ""meters"": ""4/4 ]  ZZ[4"", ""rhy1"": ""X__X_.XX_.XX_.X  X_.XX_.XX___"", ""rhy2"": ""X__.X_XX_.X_.X  X___.X_X_  X__X_.XX__X_X_  X__XXXXX_.X"", ""key"": ""I0529  16  G 4/4 ]  ZZ[4"", ""kad"": ""-7b-421"", ""akz"": ""112-7b_5444541-5_1-7b3b1_1-511_"", ""fot"": ""'a__b__c__d__"", ""for"": ""'a__b__c__d__"", ""fok"": ""'~d_Sd_^a_V__"", ""n7k"": ""0] N7[0] O1[0] O2K[0] O2[0] O3K[0] O3[0] H\u00d6[0""}",,,,,
i0530,sagrillo-ireland,Deirín dé,,Ireland,,,,Irish,iris1253,,,,sleeping|lullaby,,,,,,,G,pentatonic,6b,,,4/4,,,,,,osullivan1981songs,,,,,15,,,,,Damien Sagrillo,,,,,data/i0530.krn,kern,,070ce860ba57e91780e3a9c8110c4505,https://kern.humdrum.org/cgi-bin/ksdata?file=i0530.krn&l=users/sagrillo/ireland&format=kern,http://verovio.humdrum.org/?file=sagrillo/ireland/i0530.krn,False,True,,"{""minrhy"": ""16"", ""meters"": ""4/4 ]  ZZ[4"", ""rhy1"": ""X__X__X__X__  XX_.X_X_X__."", ""rhy2"": ""X_  X__X__X__X__  X__X__X__0__"", ""key"": ""I0530  16  G 4/4 ]  ZZ[4"", ""kad"": ""-7b1-7b1"", ""akz"": ""112-7b_13b3b1_112-7b_13b3b1_"", ""fot"": ""'a__b__a__b__"", ""for"": ""'a__b__a__b__"", ""fok"": ""'Vd_^a_Vd_^a_"", ""n7k"": ""0] N7[0] O1[0] O2K[0] O2[0] O3K[0] O3[0] H\u00d6[0""}",,,,,
i0531,sagrillo-ireland,A bhean úd thíos ae bhruach an t-sruthßin,,Ireland,,,,Irish,iris1253,,,,sleeping|lullaby,,,,,,,Eb,hexatonic minor,6b,,,2/4,,,,,,osullivan1981songs,,,,,18,,,,,Damien Sagrillo,,,,,data/i0531.krn,kern,,9b0b0cec8955b471777c83c47ef9fe87,https://kern.humdrum.org/cgi-bin/ksdata?file=i0531.krn&l=users/sagrillo/ireland&format=kern,http://verovio.humdrum.org/?file=sagrillo/ireland/i0531.krn,False,True,,"{""minrhy"": ""16"", ""meters"": ""2/4 ]  ZZ[6"", ""rhy1"": ""X_  X_X_X_XX  X_X_X_X_  X_X_X__  X_X_X_."", ""rhy2"": ""X  X_X_X_XX  X_X_X_X_  X_X_X__  X_X_X_."", ""key"": ""I0531  16 Eb 2/4 ]  ZZ[6"", ""kad"": ""212121"", ""akz"": ""-7533_-75-7-7_-7533_-75-7-7_-7533_-75-7-7_"", ""fot"": ""'a__b__av_bv_av_bv_"", ""for"": ""'a__av_b__c__av_av_"", ""fok"": ""'^a_^__$a_^__Ma_^a_"", ""n7k"": ""0] N7[3] O1[5] O2K[0] O2[1] O3K[0] O3[0] H\u00d6[0""}",,,,,
i0532,sagrillo-ireland,Leanbh an chlamhrßin,,Ireland,,,,Irish,iris1253,,,,sleeping|lullaby,,,,,,,D,heptatonic ionian,10b,,,9/8,,,,,,osullivan1981songs,,,,,26,,,,,Damien Sagrillo,,,,,data/i0532.krn,kern,,f0d968d0cffea62dd9caa8d285c87d2c,https://kern.humdrum.org/cgi-bin/ksdata?file=i0532.krn&l=users/sagrillo/ireland&format=kern,http://verovio.humdrum.org/?file=sagrillo/ireland/i0532.krn,False,True,,"{""minrhy"": ""16"", ""meters"": ""9/8 ]  ZZ[7"", ""rhy1"": ""XX  X_X_X_X_X_X_XXX_."", ""rhy2"": ""X  X_X_X_X_X_X_X_X_"", ""key"": ""I0532  16  D 9/8 ]  ZZ[7"", ""kad"": ""1212522"", ""akz"": ""313_314_313_274_355_354_355274_"", ""fot"": ""'a__aw_av_b__c__cw_cv_"", ""for"": ""'a__b__av_bv_av_c__bw_"", ""fok"": ""'Sd_Ma_Ma_^a_Ma_Sd_Ma_"", ""n7k"": ""0] N7[0] O1[0] O2K[0] O2[0] O3K[0] O3[0] H\u00d6[0""}",,,,,
i0533,sagrillo-ireland,Dß bhfaghainn mo Rogha de thriúr aca,,Ireland,,,,Irish,iris1253,,,,children's song,,,,,,,A,hexatonic minor,8,,,6/8,,,,,,osullivan1981songs,,,,,29,,,,,Damien Sagrillo,,,,,data/i0533.krn,kern,,6757870ab2dc87263dc08277f451ea7f,https://kern.humdrum.org/cgi-bin/ksdata?file=i0533.krn&l=users/sagrillo/ireland&format=kern,http://verovio.humdrum.org/?file=sagrillo/ireland/i0533.krn,False,True,,"{""minrhy"": ""8"", ""meters"": ""6/8 ]  ZZ[4"", ""rhy1"": ""X  X_XXXX  X_XX_"", ""rhy2"": ""X  X_XX_X  X_XX_"", ""key"": ""I0533  08  A 6/8 ]  ZZ[4"", ""kad"": ""2-541"", ""akz"": ""1152_312-5_1152_3211_"", ""fot"": ""'a__b__av_c__"", ""for"": ""'a__b__aw_c__"", ""fok"": ""'^a_\\__/__\\__"", ""n7k"": ""0] N7[0] O1[0] O2K[0] O2[0] O3K[0] O3[0] H\u00d6[0""}",,,,,
i0534,sagrillo-ireland,An sealbhßn,,Ireland,,,,Irish,iris1253,,,,work,,,,,,,Bb,hexatonic minor,10b,,,6/8,,,,,,osullivan1981songs,,,,,34,,,,,Damien Sagrillo,,,,,data/i0534.krn,kern,,eca9065c8c9430ee92825a8bf603930e,https://kern.humdrum.org/cgi-bin/ksdata?file=i0534.krn&l=users/sagrillo/ireland&format=kern,http://verovio.humdrum.org/?file=sagrillo/ireland/i0534.krn,False,True,,"{""minrhy"": ""16"", ""meters"": ""6/8 ]  ZZ[11"", ""rhy1"": ""X_X_X_X_X_X_  X_X_X_X__0   (x2)"", ""rhy2"": ""X_X_X_X_X_X_  X_X_X_X__."", ""key"": ""I0534  16 Bb 6/8 ]  ZZ[11"", ""kad"": ""11112-5112-51"", ""akz"": ""3-5-61_3-5-61_3-5-61_1432_3542_5431_-6-3-61_1432_3542_5431_-6-3-61_"", ""fot"": ""'a__a__a__b__c__cs\""d__bv_cv_cs\""dv_"", ""for"": ""'a__av_av_b__c__d__av_e__f__g__av_"", ""fok"": ""'Vd_Vd_Vd_^__^d_^d_Va_^__^d_Sd_Va_"", ""n7k"": ""0] N7[0] O1[0] O2K[0] O2[0] O3K[0] O3[0] H\u00d6[0""}",,,,,
i0535,sagrillo-ireland,Aéire cinn bó rúin,,Ireland,,,,Irish,iris1253,,,,work|courtship,,,,,,,Ab,hexatonic minor,8,,,6/8,,,,,,osullivan1981songs,,,,,36,,,,,Damien Sagrillo,,,,,data/i0535.krn,kern,,20ef3603db1e96f19d1a47bae4b81896,https://kern.humdrum.org/cgi-bin/ksdata?file=i0535.krn&l=users/sagrillo/ireland&format=kern,http://verovio.humdrum.org/?file=sagrillo/ireland/i0535.krn,False,True,,"{""minrhy"": ""16"", ""meters"": ""6/8 ]  ZZ[8"", ""rhy1"": ""X_  X__X_X_X_X_  X__X_X__   (x2)"", ""rhy2"": ""X_  X__X_X__X_  X__.0_"", ""key"": ""I0535  16 Ab 6/8 ]  ZZ[8"", ""kad"": ""21212-531"", ""akz"": ""11-72_321_11-72_321_5532_32-7-5_11-72_-72321_"", ""fot"": ""'a__b__av_b__c__bw_av_d__"", ""for"": ""'a__b__av_b__bw_c__aw_aw_"", ""fok"": ""'~a_\\__~a_\\__^d_\\__Va_Sd_"", ""n7k"": ""0] N7[8] O1[17] O2K[0] O2[3] O3K[0] O3[3] H\u00d6[0""}",,,,,
i0536,sagrillo-ireland,Tßim sínte ar do thuama,,Ireland,,,,Irish,iris1253,,,,love|grief,,,,,,,C,hexatonic minor,10,,,3/4,,,,,,osullivan1981songs,,,,,43,,,,,Damien Sagrillo,,,,,data/i0536.krn,kern,,7f2dc7794616b809ecee30b7b99ecbcd,https://kern.humdrum.org/cgi-bin/ksdata?file=i0536.krn&l=users/sagrillo/ireland&format=kern,http://verovio.humdrum.org/?file=sagrillo/ireland/i0536.krn,False,True,,"{""minrhy"": ""8"", ""meters"": ""3/4 ]  ZZ[8"", ""rhy1"": ""X_  XXX_XX  X_X_"", ""rhy2"": ""X_  X_X_XX  XXX_"", ""key"": ""I0536  08  C 3/4 ]  ZZ[8"", ""kad"": ""5+1315+131"", ""akz"": ""35_+1+1_66_31_75_+1+1_66_31_"", ""fot"": ""'a__b__c__d__e__as_cv_d__"", ""for"": ""'a__b__c__cw_cw_d__e__cw_"", ""fok"": ""'^a_^a_\\__^__\\__^a_\\__^__"", ""n7k"": ""0] N7[14] O1[24] O2K[0] O2[14] O3K[0] O3[8] H\u00d6[3""}",,,,,
i0537,sagrillo-ireland,Bean an fhir ruaidh,,Ireland,,,,Irish,iris1253,,,,love|separation,,,,,,,C,heptatonic ionian,11,,,3/4,,,,,,osullivan1981songs,,,,,47,,,,,Damien Sagrillo,,,,,data/i0537.krn,kern,,71b9e17e4f055afea3b2136ff789d85e,https://kern.humdrum.org/cgi-bin/ksdata?file=i0537.krn&l=users/sagrillo/ireland&format=kern,http://verovio.humdrum.org/?file=sagrillo/ireland/i0537.krn,False,True,,"{""minrhy"": ""16"", ""meters"": ""3/4 ]  ZZ[4"", ""rhy1"": ""XXXX  X__X__X_X_  X___X_X_  X_X_X_X_X_X_  X__X__X__  X___"", ""rhy2"": ""X_X_  X___X_X_  X___X_X_  X_X_X_X_X_X_  X__X__X__  X___"", ""key"": ""I0537  16  C 3/4 ]  ZZ[4"", ""kad"": ""1+1+11"", ""akz"": ""+2+1721_5+3+3+1+1_5+3+3+2+1_+2+1721_"", ""fot"": ""'a__b__bw_a__"", ""for"": ""'a__b__c__a__"", ""fok"": ""'Md_^a_^a_Md_"", ""n7k"": ""0] N7[10] O1[9] O2K[0] O2[1] O3K[0] O3[1] H\u00d6[0""}",,,,,
i0538,sagrillo-ireland,Péarla an bhrollaigh bhßin,,Ireland,,,,Irish,iris1253,,,,love,,,,,,,D,heptatonic ionian,10,,,4/4,,,,,,osullivan1981songs,,,,,46,,,,,Damien Sagrillo,,,,,data/i0538.krn,kern,,1f5e7b52a7f824aa04379edccc7ffd5d,https://kern.humdrum.org/cgi-bin/ksdata?file=i0538.krn&l=users/sagrillo/ireland&format=kern,http://verovio.humdrum.org/?file=sagrillo/ireland/i0538.krn,False,True,,"{""minrhy"": ""16"", ""meters"": ""4/4 ]  ZZ[4"", ""rhy1"": ""X_XX  X_X_X_X_X__.X_  X_X_X_X_X__.XX  X__X_X_X_X_X_X_  X___X__"", ""rhy2"": ""X_XX  X_X_X_X_X__.X_  X_X_X_X_X__.XX  X_X_X_X_X_X_X_X_  X___X__"", ""key"": ""I0538  16  D 4/4 ]  ZZ[4"", ""kad"": ""1151"", ""akz"": ""+1+1525411_+1+1525411_37+156+255_1+1525411_"", ""fot"": ""'a__av_b__aw_"", ""for"": ""'a__b__c__d__"", ""fok"": ""'Md_Md_$__Sd_"", ""n7k"": ""0] N7[0] O1[0] O2K[0] O2[0] O3K[0] O3[0] H\u00d6[0""}",,,,,
i0539,sagrillo-ireland,An cuimhin leat an oíche úd?,,Ireland,,,,Irish,iris1253,,,,love,,,,,,,A,heptatonic ionian,8,,,3/4,,,,,,osullivan1981songs,,,,,56,,,,,Damien Sagrillo,,,,,data/i0539.krn,kern,,f31f4941f08783647d1fdb5b8d36207f,https://kern.humdrum.org/cgi-bin/ksdata?file=i0539.krn&l=users/sagrillo/ireland&format=kern,http://verovio.humdrum.org/?file=sagrillo/ireland/i0539.krn,False,True,,"{""minrhy"": ""16"", ""meters"": ""3/4 ]  ZZ[4"", ""rhy1"": ""(X_X_X_)  X__X__X_X_  X__X__(X_X_X_)  X__X_X_X_X_  X__X__"", ""rhy2"": ""(X_X_X_)  X__X__X_X_  X__X__(X_X_X_)  X__X_.XX_.X  X__X__"", ""key"": ""I0539  16  A 3/4 ]  ZZ[4"", ""kad"": ""-51-51"", ""akz"": ""1-75-7_1-751_543-7_1-751_"", ""fot"": ""'a__aw_b__aw_"", ""for"": ""'a__b__c__d__"", ""fok"": ""'^__^a_^d_^a_"", ""n7k"": ""2] N7[6] O1[15] O2K[0] O2[0] O3K[0] O3[0] H\u00d6[0""}",,,,,
i0540,sagrillo-ireland,Cuisle mo chroí,,Ireland,,,,Irish,iris1253,,,,love,,,,,,,Eb,octatonic major,8,,,6/8,,,,,,osullivan1981songs,,,,,63,,,,,Damien Sagrillo,,,,,data/i0540.krn,kern,,1313c100855cd47fc75f6bf34f8225d9,https://kern.humdrum.org/cgi-bin/ksdata?file=i0540.krn&l=users/sagrillo/ireland&format=kern,http://verovio.humdrum.org/?file=sagrillo/ireland/i0540.krn,False,True,,"{""minrhy"": ""16"", ""meters"": ""6/8 ]  ZZ[5"", ""rhy1"": ""X_  X_X_X_X__X_  X__X_X__   (x2)"", ""rhy2"": ""X_  X_X_X_X__X_  X__X_X__"", ""key"": ""I0540  16 Eb 6/8 ]  ZZ[5"", ""kad"": ""15231"", ""akz"": ""1321_+1765_+177b3_3213_+1321_"", ""fot"": ""'a__as\""b__c__aw_"", ""for"": ""'a__a__b__c__c__"", ""fok"": ""'^__^__Md_~a_\\__"", ""n7k"": ""0] N7[0] O1[0] O2K[0] O2[0] O3K[0] O3[0] H\u00d6[0""}",,,,,
i0541,sagrillo-ireland,Inghean an Phailitínigh,,Ireland,,,,Irish,iris1253,,,,love|social class,,,,,,,G,heptatonic ionian,11,,,2/4,,,,,,osullivan1981songs,,,,,68,,,,,Damien Sagrillo,,,,,data/i0541.krn,kern,,8184332eb09d6de2eb37e2ecb0f1da6c,https://kern.humdrum.org/cgi-bin/ksdata?file=i0541.krn&l=users/sagrillo/ireland&format=kern,http://verovio.humdrum.org/?file=sagrillo/ireland/i0541.krn,False,True,,"{""minrhy"": ""16"", ""meters"": ""2/4 ]  ZZ[8"", ""rhy1"": ""XX  X_X_X_X_  X_X_X_XX  X_X_X_X_  X_X_X__"", ""rhy2"": ""X_X_XXXX  X_X_XXXX  X_X_XXXX  X_X_X_"", ""key"": ""I0541  16  G 2/4 ]  ZZ[8"", ""kad"": ""-51-511-5-51"", ""akz"": ""5311_-5-311_5311_-5-311_1553_24-7-5_5311_-5-311_"", ""fot"": ""'a__b__av_b__c__d__av_b__"", ""for"": ""'a__b__c__bv_d__e__c__b__"", ""fok"": ""'^d_Va_^d_Va_Ma_^d_^d_Va_"", ""n7k"": ""0] N7[0] O1[0] O2K[0] O2[0] O3K[0] O3[0] H\u00d6[0""}",,,,,
i0542,sagrillo-ireland,Seanduine chill chocßin,,Ireland,,,,Irish,iris1253,,,,love|youth's song,,,,,,,G,hexatonic minor,9,,,6/8,,,,,,osullivan1981songs,,,,,73,,,,,Damien Sagrillo,,,,,data/i0542.krn,kern,,a1d45d9dcd6724023d9fdf56096b6195,https://kern.humdrum.org/cgi-bin/ksdata?file=i0542.krn&l=users/sagrillo/ireland&format=kern,http://verovio.humdrum.org/?file=sagrillo/ireland/i0542.krn,False,True,,"{""minrhy"": ""32"", ""meters"": ""6/8 ]  ZZ[8"", ""rhy1"": ""X__  X__X__X__X__X__X__  X__X__X__X_X_X__   (x2)"", ""rhy2"": ""X__  X___X__X__X__X__  X___X__X___"", ""key"": ""I0542  32  G 6/8 ]  ZZ[8"", ""kad"": ""-52-511-5-61"", ""akz"": ""431-6_1222_431-6_1111_1565_1431_4321_1111_"", ""fot"": ""'a__b__av_bs\""c__d__e__bs\"""", ""for"": ""'a__b__av_b__c__d__e__b__"", ""fok"": ""'\\__^a_\\__^a_^__^d_^a_^a_"", ""n7k"": ""15] N7[0] O1[12] O2K[0] O2[0] O3K[0] O3[0] H\u00d6[0""}",,,,,
i0543,sagrillo-ireland,Druimín,,Ireland,,,,Irish,iris1253,,,,lament,,,,,,,E,hexatonic minor,8,,,6/8,,,,,,osullivan1981songs,,,,,81,,,,,Damien Sagrillo,,,,,data/i0543.krn,kern,,3a68a45059419d7ac742bab2e4a5a10e,https://kern.humdrum.org/cgi-bin/ksdata?file=i0543.krn&l=users/sagrillo/ireland&format=kern,http://verovio.humdrum.org/?file=sagrillo/ireland/i0543.krn,False,True,,"{""minrhy"": ""16"", ""meters"": ""6/8 ]  ZZ[5"", ""rhy1"": ""X_  X_X_XXX__"", ""rhy2"": ""X_  X_X_X_X__"", ""key"": ""I0543  16  E 6/8 ]  ZZ[5"", ""kad"": ""+15551"", ""akz"": ""5+1_+15_6b6b_47b_+1541_"", ""fot"": ""'a__b__c__d__e__"", ""for"": ""'a__b__bw_bw_bw_"", ""fok"": ""'/__\\__-__^a_\\__"", ""n7k"": ""11] N7[0] O1[7] O2K[0] O2[0] O3K[0] O3[0] H\u00d6[0""}",,,,,
i0544,sagrillo-ireland,Carraig aonair,,Ireland,,,,Irish,iris1253,,,,lament,,,,,,,E,hexatonic minor,8,,,3/4,,,,,,osullivan1981songs,,,,,83,,,,,Damien Sagrillo,,,,,data/i0544.krn,kern,,22e2a1d51456d4ed28ea64cf7d7c37a4,https://kern.humdrum.org/cgi-bin/ksdata?file=i0544.krn&l=users/sagrillo/ireland&format=kern,http://verovio.humdrum.org/?file=sagrillo/ireland/i0544.krn,False,True,,"{""minrhy"": ""16"", ""meters"": ""3/4 ]  ZZ[4"", ""rhy1"": ""X_.X  X__X__X_X_  X___X_X_  X__X_X_X__  X___"", ""rhy2"": ""X__  X__X__X_.X  XX_.X__X_.X  X__X__X__  X___"", ""key"": ""I0544  16  E 3/4 ]  ZZ[4"", ""kad"": ""+11+11"", ""akz"": ""3b3b3b+1_7b521_3b3b3b+1_7b521_"", ""fot"": ""'a__b__av_b__"", ""for"": ""'a__b__c__b__"", ""fok"": ""'/__Sd_/__Sd_"", ""n7k"": ""13] N7[1] O1[7] O2K[0] O2[0] O3K[0] O3[0] H\u00d6[0""}",,,,,
i0545,sagrillo-ireland,Slßn le mßigh,,Ireland,,,,Irish,iris1253,,,,farewell,,,,,,,Eb,octatonic major,8,,,4/4,,,,,,osullivan1981songs,,,,,93,,,,,Damien Sagrillo,,,,,data/i0545.krn,kern,,1b129a223d4e783b695c1575266221ea,https://kern.humdrum.org/cgi-bin/ksdata?file=i0545.krn&l=users/sagrillo/ireland&format=kern,http://verovio.humdrum.org/?file=sagrillo/ireland/i0545.krn,False,True,,"{""minrhy"": ""16"", ""meters"": ""4/4 ]  ZZ[8"", ""rhy1"": ""X_X_  X_.XX_X_X_X_X_X_  X__X_.XX__"", ""rhy2"": ""X_X_  X_.XX_X_X_X_X_X_  X__X_X_X__."", ""key"": ""I0545  16 Eb 4/4 ]  ZZ[8"", ""kad"": ""1+117b1551"", ""akz"": ""7b7b31_7b7b5+1_7b631_4647b_3131_3547b_313+1_3211_"", ""fot"": ""'a__b__c__bs\""d__e__dw_f__"", ""for"": ""'a__b__c__d__dw_cw_e__f__"", ""fok"": ""'^d_~a_\\__~a_\\__Ma_Sa_\\__"", ""n7k"": ""2] N7[4] O1[5] O2K[0] O2[3] O3K[0] O3[0] H\u00d6[1""}",,,,,
i0546,sagrillo-ireland,Slßn chun carraig an éide,,Ireland,,,,Irish,iris1253,,,,farewell,,,,,,,Eb,octatonic major,14,,,3/4,,,,,,osullivan1981songs,,,,,97,,,,,Damien Sagrillo,,,,,data/i0546.krn,kern,,b6a23de13348f85e27ebb344124567bd,https://kern.humdrum.org/cgi-bin/ksdata?file=i0546.krn&l=users/sagrillo/ireland&format=kern,http://verovio.humdrum.org/?file=sagrillo/ireland/i0546.krn,False,True,,"{""minrhy"": ""8"", ""meters"": ""3/4 ]  ZZ[9"", ""rhy1"": ""X_X_X_  X_X_X_  X_X_X_  X_X_"", ""rhy2"": ""XX  X_X_X_  X_X_X_  X_X_X_  X_X_"", ""key"": ""I0546  08 Eb 3/4 ]  ZZ[9"", ""kad"": ""51513+1551"", ""akz"": ""1343_3321_1343_3321_1+173_1+15+1_7343_3323_3321_"", ""fot"": ""'a__b__c__d__e__f__g__bw_bw_"", ""for"": ""'a__av_av_b__c__d__av_av_av_"", ""fok"": ""'~a_Sd_Wa_Sd_Ma_$a_Vd_W__Sd_"", ""n7k"": ""0] N7[0] O1[0] O2K[0] O2[0] O3K[0] O3[0] H\u00d6[0""}",,,,,
i0547,sagrillo-ireland,An saol meallta,,Ireland,,,,Irish,iris1253,,,,religious,,,,,,,G,hexatonic minor,9,,,6/8,,,,,,osullivan1981songs,,,,,107,,,,,Damien Sagrillo,,,,,data/i0547.krn,kern,,264d6ffea8cbd60335532e54ec731210,https://kern.humdrum.org/cgi-bin/ksdata?file=i0547.krn&l=users/sagrillo/ireland&format=kern,http://verovio.humdrum.org/?file=sagrillo/ireland/i0547.krn,False,True,,"{""minrhy"": ""16"", ""meters"": ""6/8 ]  ZZ[11"", ""rhy1"": ""XX  XXX_X_X__XX  X__X_X_X_"", ""rhy2"": ""X_  X_X_X_X_X_X_  X__X_X_X_X_  X__.X__"", ""key"": ""I0547  16  G 6/8 ]  ZZ[11"", ""kad"": ""3-5131111311"", ""akz"": ""3-522_4321-6-5_-61_3-522_4321_-6-5-61_3565_4321_4321_4321_-6-5-61_"", ""fot"": ""'a__b__c__av_bv_d__e__bv_bv_bv_d__"", ""for"": ""'a__b__bw_bw_c__d__bw_bw_bw_bw_d__"", ""fok"": ""'~a_^d_/__~a_^__/__^__\\__~a_^__/__"", ""n7k"": ""0] N7[0] O1[32] O2K[0] O2[0] O3K[0] O3[0] H\u00d6[0""}",,,,,
i0548,sagrillo-ireland,Caoine na maighdine,,Ireland,,,,Irish,iris1253,,,,lament|religious,,,,,,,C,pentatonic,6b,,,2/4,,,,,,osullivan1981songs,,,,,110,,,,,Damien Sagrillo,,,,,data/i0548.krn,kern,,af375ef710c687bfd3b49b168762f7b4,https://kern.humdrum.org/cgi-bin/ksdata?file=i0548.krn&l=users/sagrillo/ireland&format=kern,http://verovio.humdrum.org/?file=sagrillo/ireland/i0548.krn,False,True,,"{""minrhy"": ""8"", ""meters"": ""2/4 ]  ZZ[2"", ""rhy1"": ""X_XX  X_XX  X_XX  X_X_  X_X_  X_XX  X_X_  X_."", ""rhy2"": ""X  X_XX  X_X_  X_XX  X_X_  X_X_  X_XX  X_X_  X__ // "", ""key"": ""I0548  08  C 2/4 ]  ZZ[2"", ""kad"": ""+1+1"", ""akz"": ""+156464+1+1_+156464+1+1_"", ""fot"": ""'a__av_"", ""for"": ""'a__b__"", ""fok"": ""'V__~a_"", ""n7k"": ""0] N7[10] O1[13] O2K[0] O2[2] O3K[0] O3[0] H\u00d6[0""}",,,,,
i0549,sagrillo-ireland,Preab san ól!,,Ireland,,,,Irish,iris1253,,,,drinking,,,,,,,E,heptatonic ionian,12,,,4/4,,,,,,osullivan1981songs,,,,,117,,,,,Damien Sagrillo,,,,,data/i0549.krn,kern,,e85a24e90eabdb358793c462ec88352e,https://kern.humdrum.org/cgi-bin/ksdata?file=i0549.krn&l=users/sagrillo/ireland&format=kern,http://verovio.humdrum.org/?file=sagrillo/ireland/i0549.krn,False,True,,"{""minrhy"": ""16"", ""meters"": ""4/4 ]  ZZ[8"", ""rhy1"": ""X_  X_X_X_X_X__X__  X__X__X_X_X_.X"", ""rhy2"": ""X__X__X_X_X_X_  X__X__X__"", ""key"": ""I0549  16  E 4/4 ]  ZZ[8"", ""kad"": ""4-6313611"", ""akz"": ""1575_561-6_1575_5611_3+1+25_3+1+26_553-6_3611_"", ""fot"": ""'a__b__av_bw_c__cw_d__e__"", ""for"": ""'a__b__c__bv_d__e__f__bv_"", ""fok"": ""'^a_^d_^a_^d_^a_^a_~d_^d_"", ""n7k"": ""0] N7[8] O1[12] O2K[0] O2[5] O3K[0] O3[4] H\u00d6[1""}",,,,,
i0550,sagrillo-ireland,An bunnßn buí,,Ireland,,,,Irish,iris1253,,,,drinking,,,,,,,C,heptatonic ionian,11,,,4/4,,,,,,osullivan1981songs,,,,,124,,,,,Damien Sagrillo,,,,,data/i0550.krn,kern,,a1de86ca9458cf6e52aa1e149702a6e5,https://kern.humdrum.org/cgi-bin/ksdata?file=i0550.krn&l=users/sagrillo/ireland&format=kern,http://verovio.humdrum.org/?file=sagrillo/ireland/i0550.krn,False,True,,"{""minrhy"": ""8"", ""meters"": ""4/4 ]  ZZ[4"", ""rhy1"": ""XX  X_X_X_XX  X_.XXXXX  X_XXX_X_  X_X_X_"", ""rhy2"": ""XX  X_X_X_XX  X_XXXXXX  X_XXX_X_  X_X_X_."", ""key"": ""I0550  08  C 4/4 ]  ZZ[4"", ""kad"": ""1151"", ""akz"": ""64575111_64575111_+1+1+3+2+3+175_64575111_"", ""fot"": ""'a__av_b__a__"", ""for"": ""'a__b__c__a__"", ""fok"": ""'Sd_Sd_^__Sd_"", ""n7k"": ""0] N7[3] O1[20] O2K[0] O2[17] O3K[0] O3[14] H\u00d6[3""}",,,,,
i0551,sagrillo-ireland,Róisin dubh,,Ireland,,,,Irish,iris1253,,,,homeland,,,,,,,C,heptatonic ionian,11,,,3/4,,,,,,osullivan1981songs,,,,,132,,,,,Damien Sagrillo,,,,,data/i0551.krn,kern,,4d011fdb8b9431c730e1f166dad45ef1,https://kern.humdrum.org/cgi-bin/ksdata?file=i0551.krn&l=users/sagrillo/ireland&format=kern,http://verovio.humdrum.org/?file=sagrillo/ireland/i0551.krn,False,True,,"{""minrhy"": ""16"", ""meters"": ""3/4 ]  ZZ[4"", ""rhy1"": ""X_X_  X__X__X_X_  XXXXX_X_X_X_  X_X_X__X__  X___"", ""rhy2"": ""X_X_  X__X__X_X_  X__X_X_X_X_  X_X_X__X__  X___"", ""key"": ""I0551  16  C 3/4 ]  ZZ[4"", ""kad"": ""1+161"", ""akz"": ""5+221_+3+3+2+1_+3+3+2+1_5+221_"", ""fot"": ""'a__b__bv_a__"", ""for"": ""'a__b__bw_a__"", ""fok"": ""'Sd_^__^d_Sd_"", ""n7k"": ""0] N7[3] O1[5] O2K[0] O2[3] O3K[0] O3[3] H\u00d6[0""}",,,,,
i0552,sagrillo-ireland,An Spealadóir,,Ireland,,,,Irish,iris1253,,,,homeland,,,,,,,C,heptatonic ionian,11,,,4/4,,,,,,osullivan1981songs,,,,,134,,,,,Damien Sagrillo,,,,,data/i0552.krn,kern,,337c301db730f7a8af4deedfa44c84ca,https://kern.humdrum.org/cgi-bin/ksdata?file=i0552.krn&l=users/sagrillo/ireland&format=kern,http://verovio.humdrum.org/?file=sagrillo/ireland/i0552.krn,False,True,,"{""minrhy"": ""16"", ""meters"": ""4/4 ]  ZZ[5"", ""rhy1"": ""X_X_  X_X_X_X_X_X_X_X_  X_X_X_X_X_X_X_X_  X_X_X_X_X_X_X_X_  X__X_X_X__"", ""rhy2"": ""X_.X  X_X_X_X_X_X_X_X_  X_X_X_X_X_X_X_X_  X_X_X_X_X_X_X_X_  X__X_X_X__"", ""key"": ""I0552  16  C 4/4 ]  ZZ[5"", ""kad"": ""21-741"", ""akz"": ""3+1743-742_3+1743-731_5551444-7_3+174_3-731_"", ""fot"": ""'a__aw_b__av_c__"", ""for"": ""'a__av_b__aw_c__"", ""fok"": ""'$d_$d_$d_$d_Sd_"", ""n7k"": ""0] N7[15] O1[13] O2K[0] O2[8] O3K[0] O3[2] H\u00d6[0""}",,,,,
i0553,sagrillo-ireland,Druimfhionn Donn Dílis,,Ireland,,,,Irish,iris1253,,,,homeland,,,,,,,C,heptatonic ionian,10,,,3/4,,,,,,osullivan1981songs,,,,,143,,,,,Damien Sagrillo,,,,,data/i0553.krn,kern,,7f7fe66fa75ce721d96d447fceaecfd9,https://kern.humdrum.org/cgi-bin/ksdata?file=i0553.krn&l=users/sagrillo/ireland&format=kern,http://verovio.humdrum.org/?file=sagrillo/ireland/i0553.krn,False,True,,"{""minrhy"": ""8"", ""meters"": ""3/4 ]  ZZ[4"", ""rhy1"": ""XX  X_X_X_  X_X_XX  X_X_X_  X__"", ""rhy2"": ""XX  X_X_X_  X_X_XX  X_X_X_  X__"", ""key"": ""I0553  08  C 3/4 ]  ZZ[4"", ""kad"": ""5221"", ""akz"": ""5+1+25_7772_3172_+2541_"", ""fot"": ""'a__b__c__d__"", ""for"": ""'a__a__a__a__"", ""fok"": ""'^a_^d_^__Md_"", ""n7k"": ""0] N7[8] O1[8] O2K[0] O2[1] O3K[0] O3[0] H\u00d6[0""}",,,,,
i0554,sagrillo-ireland,Éamonn an chnuic,,Ireland,,,,Irish,iris1253,,,,historical,,,,,,,E,hexatonic minor,12,,,4/4,,,,,,osullivan1981songs,,,,,150,,,,,Damien Sagrillo,,,,,data/i0554.krn,kern,,11507a8a0e31d57a4ee71cc25b5a0edb,https://kern.humdrum.org/cgi-bin/ksdata?file=i0554.krn&l=users/sagrillo/ireland&format=kern,http://verovio.humdrum.org/?file=sagrillo/ireland/i0554.krn,False,True,,"{""minrhy"": ""16"", ""meters"": ""4/4 ]  ZZ[4"", ""rhy1"": ""X_X_  X_.XX_X_X__X_X_  X_X_X_X_X__X_X_  X__X_X_X__.X_  X___X__"", ""rhy2"": ""X_.X  X_.XX_X_X__.X_  X_X_X_X_X__X_X_  X_.XX_.XX__.X_  X___X__"", ""key"": ""I0554  16  E 4/4 ]  ZZ[4"", ""kad"": ""11+11"", ""akz"": ""11362211_11362211_+1+275616+1_11362211_"", ""fot"": ""'a__av_b__av_"", ""for"": ""'a__b__c__d__"", ""fok"": ""'^a_Ma_~a_Ma_"", ""n7k"": ""0] N7[10] O1[6] O2K[0] O2[0] O3K[0] O3[0] H\u00d6[0""}",,,,,
i0555,sagrillo-ireland,Eoghan cóir,,Ireland,,,,Irish,iris1253,,,,historical|ballad,,,,,,,F,heptatonic ionian,11,,,6/8,,,,,,osullivan1981songs,,,,,155,,,,,Damien Sagrillo,,,,,data/i0555.krn,kern,,f61e77e609179f3bc6e195a3d907edfb,https://kern.humdrum.org/cgi-bin/ksdata?file=i0555.krn&l=users/sagrillo/ireland&format=kern,http://verovio.humdrum.org/?file=sagrillo/ireland/i0555.krn,False,True,,"{""minrhy"": ""16"", ""meters"": ""6/8 ]  ZZ[4"", ""rhy1"": ""XX  X_X_X_X_X_X_  X__.X_X_XX  X_X_X_X__(XXX)  X___^_"", ""rhy2"": ""XX  X_X_X_X_X_X_  X__.X_.XXX  X_X_X_X__X_  X___^_"", ""key"": ""I0555  16  F 6/8 ]  ZZ[4"", ""kad"": ""-61-61"", ""akz"": ""1-75663-6-6_1-7566311_55+1363-6-6_1-7566311_"", ""fot"": ""'a__aw_b__aw_"", ""for"": ""'a__b__c__d__"", ""fok"": ""'Ma_Ma_^d_Ma_"", ""n7k"": ""0] N7[0] O1[0] O2K[0] O2[0] O3K[0] O3[0] H\u00d6[0""}",,,,,
i0556,sagrillo-ireland,Fuair mise Póigín,,Ireland,,,,Irish,iris1253,,,,infidelity|cheating,,,,,,,F,octatonic major,9,,,4/4,,,,,,osullivan1981songs,,,,,163,,,,,Damien Sagrillo,,,,,data/i0556.krn,kern,,7daa83e6335d75c553d765d75bfc6fc5,https://kern.humdrum.org/cgi-bin/ksdata?file=i0556.krn&l=users/sagrillo/ireland&format=kern,http://verovio.humdrum.org/?file=sagrillo/ireland/i0556.krn,False,True,,"{""minrhy"": ""16"", ""meters"": ""4/4 ]  ZZ[6"", ""rhy1"": ""XX  X__X_X_X__X_.X  X__X__X__X_"", ""rhy2"": ""XX  X__X_X_X__X_X_  X__X__X__X_"", ""key"": ""I0556  16  F 4/4 ]  ZZ[6"", ""kad"": ""155151"", ""akz"": ""5411_3465_3465_3211_3465_3211_"", ""fot"": ""'a__b__b__c__b__c__"", ""for"": ""'a__b__b__b__b__b__"", ""fok"": ""'~d_/__/__Vd_/__Vd_"", ""n7k"": ""5] N7[2] O1[15] O2K[0] O2[2] O3K[0] O3[0] H\u00d6[0""}",,,,,
i0557,sagrillo-ireland,Idir chaiseal agus dúrlas,,Ireland,,,,Irish,iris1253,,,,forbidden love,,,,,,,D,heptatonic,9,,,3/4,,,,,,osullivan1981songs,,,,,166,,,,,Damien Sagrillo,,,,,data/i0557.krn,kern,,8646db85efbfe9ea81e9f7babf4f4676,https://kern.humdrum.org/cgi-bin/ksdata?file=i0557.krn&l=users/sagrillo/ireland&format=kern,http://verovio.humdrum.org/?file=sagrillo/ireland/i0557.krn,False,True,,"{""minrhy"": ""16"", ""meters"": ""3/4 ]  ZZ[5"", ""rhy1"": ""X_.X  X__X__X_.X  X__X__X_.X  X_.XX__.X_  X__X__0_"", ""rhy2"": ""X_  X__X__.XX  X__X__X_X_  X__X__X_X_  X___"", ""key"": ""I0557  16  D 3/4 ]  ZZ[5"", ""kad"": ""15461"", ""akz"": ""5542_+1545_+17b_225_721_"", ""fot"": ""'a__b__c__d__e__"", ""for"": ""'a__b__c__d__e__"", ""fok"": ""'Sd_Vd_^d_Ma_\\__"", ""n7k"": ""0] N7[0] O1[0] O2K[0] O2[0] O3K[0] O3[0] H\u00d6[0""}",,,,,
i0558,sagrillo-ireland,Is deas an Buachaill pßidín,,Ireland,,,,Irish,iris1253,,,,joke,,,,,,,Ab,hexatonic minor,8,,,2/4,,,,,,osullivan1981songs,,,,,171,,,,,Damien Sagrillo,,,,,data/i0558.krn,kern,,880e07e05189e544d76829545743787e,https://kern.humdrum.org/cgi-bin/ksdata?file=i0558.krn&l=users/sagrillo/ireland&format=kern,http://verovio.humdrum.org/?file=sagrillo/ireland/i0558.krn,False,True,,"{""minrhy"": ""16"", ""meters"": ""2/4 ]  ZZ[4"", ""rhy1"": ""X_  X_X_X_X_  X__X_X_  X__X_X_  X_X_X_."", ""rhy2"": ""X  X_X_X_X_  X__X_X_  X_X_X_X_  X_X_X__"", ""key"": ""I0558  16 Ab 2/4 ]  ZZ[4"", ""kad"": ""2-521"", ""akz"": ""3545_3541_3-514_3-513_"", ""fot"": ""'a__b__c__cw_"", ""for"": ""'a__b__bv_c__"", ""fok"": ""'Ma_^d_Sd_Sd_"", ""n7k"": ""0] N7[3] O1[5] O2K[0] O2[1] O3K[0] O3[0] H\u00d6[0""}",,,,,
i0559,sagrillo-ireland,Cearc agus coileach,,Ireland,,,,Irish,iris1253,,,,joke,,,,,,,D,octatonic major,10b,,,6/8,,,,,,osullivan1981songs,,,,,177,,,,,Damien Sagrillo,,,,,data/i0559.krn,kern,,f52f2cba701a096d292bcfacabaa9c41,https://kern.humdrum.org/cgi-bin/ksdata?file=i0559.krn&l=users/sagrillo/ireland&format=kern,http://verovio.humdrum.org/?file=sagrillo/ireland/i0559.krn,False,True,,"{""minrhy"": ""16"", ""meters"": ""6/8 ]  ZZ[4"", ""rhy1"": ""XX  X_X_X_X_X_X_  X_X_X_X_X_X_  X_X_X_X_X_X_  X_X_X_X__"", ""rhy2"": ""XX  X_X_X_X_X_X_  X_X_X_X_X_X_  X_X_X_X_X_.X  X_X_X_X__"", ""key"": ""I0559  16  D 6/8 ]  ZZ[4"", ""kad"": ""5151"", ""akz"": ""34145625_34145621_545+1+2525_34145621_"", ""fot"": ""'a__aw_b__aw_"", ""for"": ""'a__b__c__d__"", ""fok"": ""'$a_$d_$a_$d_"", ""n7k"": ""0] N7[8] O1[7] O2K[0] O2[2] O3K[0] O3[1] H\u00d6[0""}",,,,,
i0560,sagrillo-ireland,Mailí san seóirse,,Ireland,,,,Irish,iris1253,,,,story|love,,,,,,,Eb,heptatonic ionian,13,,,3/4,,,,,,osullivan1981songs,,,,,181,,,,,Damien Sagrillo,,,,,data/i0560.krn,kern,,bca35b3f71b42007400d255769f53d65,https://kern.humdrum.org/cgi-bin/ksdata?file=i0560.krn&l=users/sagrillo/ireland&format=kern,http://verovio.humdrum.org/?file=sagrillo/ireland/i0560.krn,False,True,,"{""minrhy"": ""16"", ""meters"": ""3/4 ]  ZZ[6"", ""rhy1"": ""X_XX  X__XX_.X_X_  X__XX_.XX_.  X__X__X_X_  X___"", ""rhy2"": ""(X_X_X_)  X__XX_.XX_.  X__X__X__  X__X__X__  X___"", ""key"": ""I0560  16 Eb 3/4 ]  ZZ[6"", ""kad"": ""-61+12-61"", ""akz"": ""+154-6_62-61_134+1_+2532_4+15-6_62-61_"", ""fot"": ""'a__b__c__d__e__bv_"", ""for"": ""'a__b__c__d__e__f__"", ""fok"": ""'^d_~d_~a_^d_^d_~d_"", ""n7k"": ""0] N7[11] O1[15] O2K[0] O2[5] O3K[0] O3[3] H\u00d6[0""}",,,,,
i0561,sagrillo-ireland,Cupßn uí eaghra,,Ireland,,,,Irish,iris1253,,,,wine,,,,,,,D,heptatonic ionian,10,,,3/4,,,,,,osullivan1981songs,,,,,183,,,,,Damien Sagrillo,,,,,data/i0561.krn,kern,,28cd99957af22d5ed80c3558b4f10c53,https://kern.humdrum.org/cgi-bin/ksdata?file=i0561.krn&l=users/sagrillo/ireland&format=kern,http://verovio.humdrum.org/?file=sagrillo/ireland/i0561.krn,False,True,,"{""minrhy"": ""16"", ""meters"": ""3/4 ]  ZZ[6"", ""rhy1"": ""X_.X  X__X__X__  X_X_X_X_X_X_  X__X__X_X_  X___"", ""rhy2"": ""X_X_  X__X__X__  X__X__X_X_  X_X_X_X_X_X_  X___"", ""key"": ""I0561  16  D 3/4 ]  ZZ[6"", ""kad"": ""+162121"", ""akz"": ""161+1_5+2+36_+1652_6621_+1762_6621_"", ""fot"": ""'a__b__c__d__e__d__"", ""for"": ""'a__b__c__d__e__d__"", ""fok"": ""'Wa_Sd_$d_^d_$d_^d_"", ""n7k"": NaN}",,,,,
